protocol,contrast,baseline,candidate,endpoint,budget,N,k,independent_seed_count,U_baseline_minus_candidate_defined_seeds,U_baseline_minus_candidate_mean,U_baseline_minus_candidate_sample_sd,U_baseline_minus_candidate_min,U_baseline_minus_candidate_max
iid997,graph_vs_capacity_matched,capacity_matched_deepsets,gnn,terminal,10%,160,16,5,5,0.0003842173609882593,0.0009902932933679135,-0.000388577114790678,0.002065112814307213
iid997,graph_vs_capacity_matched,capacity_matched_deepsets,gnn,terminal,25%,160,40,5,5,-0.00034543605521321493,0.00025341113581991764,-0.0007113644853234333,-6.515923887491504e-05
iid997,graph_vs_capacity_matched,capacity_matched_deepsets,gnn,terminal,50%,160,80,5,5,-4.188567399977805e-06,0.00016914436422160546,-0.0002388392575085191,0.0002388392575085191
iid997,graph_vs_capacity_matched,capacity_matched_deepsets,gnn,J,10%,160,16,5,5,0.0007364073667364579,0.0013287702370901456,-0.0008141909299108074,0.0027460355757890076
iid997,graph_vs_capacity_matched,capacity_matched_deepsets,gnn,J,25%,160,40,5,5,-5.4226987374284e-05,0.00046640388250840495,-0.0005233717927087822,0.0007104203601678294
iid997,graph_vs_capacity_matched,capacity_matched_deepsets,gnn,J,50%,160,80,5,5,2.1676393070590993e-05,3.335201858999345e-05,-1.6439231112608255e-05,5.993123709541193e-05
iid997,mean_vs_sum,gnn,gnn_mean,terminal,10%,160,16,5,5,1.801634207367897e-05,0.0008356889920291484,-0.0012631283607333899,0.0007834162097424269
iid997,mean_vs_sum,gnn,gnn_mean,terminal,25%,160,40,5,5,0.00034859005361795314,0.0002609224955347152,-4.784846678376059e-05,0.0006527608260512366
iid997,mean_vs_sum,gnn,gnn_mean,terminal,50%,160,80,5,5,5.195641890168162e-05,0.0001171180965360907,-2.0942836999889025e-05,0.0002597820945084081
iid997,mean_vs_sum,gnn,gnn_mean,J,10%,160,16,5,5,0.0007414433775314588,0.0018712827495454116,-0.0014548610236185255,0.002983550502297816
iid997,mean_vs_sum,gnn,gnn_mean,J,25%,160,40,5,5,0.00012116994181027296,0.0003410539926486565,-0.00021471827368557683,0.0006841029684679922
iid997,mean_vs_sum,gnn,gnn_mean,J,50%,160,80,5,5,-7.768486129743346e-05,7.366272136844684e-05,-0.00019295105516603517,0.0
lcro_9_15,graph_vs_capacity_matched,capacity_matched_deepsets,gnn,terminal,10%,264,26,5,5,0.0004328124225139618,0.00044637747870272543,1.4879382573641797e-05,0.0010185870700157584
lcro_9_15,graph_vs_capacity_matched,capacity_matched_deepsets,gnn,terminal,25%,264,66,5,5,-1.4001808383248826e-05,0.00015194846818215047,-0.00023321559031804634,0.0001948483739838483
lcro_9_15,graph_vs_capacity_matched,capacity_matched_deepsets,gnn,terminal,50%,264,132,5,5,0.0001157144028128998,0.00033751927739453783,-0.00019507843888166843,0.0005471910716909334
lcro_9_15,graph_vs_capacity_matched,capacity_matched_deepsets,gnn,J,10%,264,26,5,5,0.0001397172836825833,0.0010128547507709546,-0.0010743299081253377,0.0015976897011009683
lcro_9_15,graph_vs_capacity_matched,capacity_matched_deepsets,gnn,J,25%,264,66,5,5,0.00019043041703601383,0.0002985406690541218,-9.899654500944433e-05,0.0005424816570611113
lcro_9_15,graph_vs_capacity_matched,capacity_matched_deepsets,gnn,J,50%,264,132,5,5,8.612928893230176e-05,0.00013712156879938019,-8.463975173805816e-05,0.0002331435576909957
lcro_9_15,mean_vs_sum,gnn,gnn_mean,terminal,10%,264,26,5,5,-0.0005090003976455121,0.0004955886793368779,-0.0011697563414390308,0.00016108054954271783
lcro_9_15,mean_vs_sum,gnn,gnn_mean,terminal,25%,264,66,5,5,-1.1166162563094884e-06,2.41364791973631e-05,-3.6857119112304604e-05,3.127403783075716e-05
lcro_9_15,mean_vs_sum,gnn,gnn_mean,terminal,50%,264,132,5,5,3.430723692431636e-05,0.0001335484162797182,-0.00014152569752751143,0.00022261804251959283
lcro_9_15,mean_vs_sum,gnn,gnn_mean,J,10%,264,26,5,5,0.00046407710569790206,0.0010815397007025791,-0.001262971963017001,0.0015493700531525878
lcro_9_15,mean_vs_sum,gnn,gnn_mean,J,25%,264,66,5,5,4.563401218012908e-05,0.00030812175788775165,-0.00037430621203826675,0.0003570130259513693
lcro_9_15,mean_vs_sum,gnn,gnn_mean,J,50%,264,132,5,5,2.5158433450589435e-05,0.00017663587971452558,-0.00010429471731188134,0.0003325520995816622
loco_iso834,graph_vs_capacity_matched,capacity_matched_deepsets,gnn,terminal,10%,158,15,5,5,-0.00011200676361719924,0.0014831091103633298,-0.0022499990959962204,0.001374908785025275
loco_iso834,graph_vs_capacity_matched,capacity_matched_deepsets,gnn,terminal,25%,158,39,5,5,-0.00017738537146494844,0.0005570348227049417,-0.0007661322179513125,0.000696624509799175
loco_iso834,graph_vs_capacity_matched,capacity_matched_deepsets,gnn,terminal,50%,158,79,5,5,-4.560686176336287e-05,0.00023444128247881538,-0.0002038114338736019,0.00035037944399857884
loco_iso834,graph_vs_capacity_matched,capacity_matched_deepsets,gnn,J,10%,158,15,5,5,0.0009954327150350829,0.0010029965232506803,-0.0001666318501036268,0.0022549131926562493
loco_iso834,graph_vs_capacity_matched,capacity_matched_deepsets,gnn,J,25%,158,39,5,5,-0.00046492928925611076,0.00038056076262312844,-0.0009916817108725495,6.925616906877652e-05
loco_iso834,graph_vs_capacity_matched,capacity_matched_deepsets,gnn,J,50%,158,79,5,5,-6.86201075178583e-05,0.0003560206684172753,-0.0005860382439529244,0.0003915543557942436
loco_iso834,mean_vs_sum,gnn,gnn_mean,terminal,10%,158,15,5,5,0.0007088389992713926,0.0009784662938837824,-0.0001498239735762269,0.0022576272487640353
loco_iso834,mean_vs_sum,gnn,gnn_mean,terminal,25%,158,39,5,5,0.0003035635711290896,0.0004473794145156592,-0.00028160529641004656,0.0009529162675906422
loco_iso834,mean_vs_sum,gnn,gnn_mean,terminal,50%,158,79,5,5,0.00019188937318475875,0.00011941470828159374,1.0761184782923094e-05,0.0003000744441642028
loco_iso834,mean_vs_sum,gnn,gnn_mean,J,10%,158,15,5,5,0.0007418083751367655,0.001312997901179489,-0.0009419515894518171,0.0021192725747824492
loco_iso834,mean_vs_sum,gnn,gnn_mean,J,25%,158,39,5,5,4.408874875330149e-05,0.00037978171642701075,-0.000480990072823817,0.0004620809322939401
loco_iso834,mean_vs_sum,gnn,gnn_mean,J,50%,158,79,5,5,9.952303540861073e-06,0.00038554395049189024,-0.0005982709227263516,0.00037849670401790547
loco_astm_e119,graph_vs_capacity_matched,capacity_matched_deepsets,gnn,terminal,10%,95,9,5,5,0.0008289435671435461,0.0012570535817566697,-0.0011036896871195884,0.0023511573672294617
loco_astm_e119,graph_vs_capacity_matched,capacity_matched_deepsets,gnn,terminal,25%,95,23,5,5,0.0003257568763649993,0.0005858922948674103,-0.0006477510475594028,0.0009432242292424925
loco_astm_e119,graph_vs_capacity_matched,capacity_matched_deepsets,gnn,terminal,50%,95,47,5,5,0.0004192221513453956,0.0003096361468520865,0.00010567047494523113,0.0007842101473757579
loco_astm_e119,graph_vs_capacity_matched,capacity_matched_deepsets,gnn,J,10%,95,9,5,5,0.000490848699377644,0.001244494145637108,-0.0012891553342342377,0.0018769072920635788
loco_astm_e119,graph_vs_capacity_matched,capacity_matched_deepsets,gnn,J,25%,95,23,5,5,-6.91044578949862e-05,0.00048422235959262204,-0.0006776210865465093,0.0005838741035457673
loco_astm_e119,graph_vs_capacity_matched,capacity_matched_deepsets,gnn,J,50%,95,47,5,5,0.0003143706563728088,0.0002899059077057039,-6.776589715318249e-06,0.0007339658374164726
loco_astm_e119,mean_vs_sum,gnn,gnn_mean,terminal,10%,95,9,5,5,0.0003488964504665806,0.0007981496478402589,-0.0008318829867574873,0.001220864554246269
loco_astm_e119,mean_vs_sum,gnn,gnn_mean,terminal,25%,95,23,5,5,-0.00012167002195897226,0.00022857793200458735,-0.0004961581333823781,3.978091737498468e-05
loco_astm_e119,mean_vs_sum,gnn,gnn_mean,terminal,50%,95,47,5,5,-5.9275392522203926e-05,0.00020082011693602861,-0.0004018690991908977,0.00012486618249974574
loco_astm_e119,mean_vs_sum,gnn,gnn_mean,J,10%,95,9,5,5,-0.00021212061177249274,0.0008249154321461382,-0.0014273393071359552,0.0006362899103098951
loco_astm_e119,mean_vs_sum,gnn,gnn_mean,J,25%,95,23,5,5,0.0004921093623599826,0.0008423593836065572,-0.0007422236077810895,0.001231076622354832
loco_astm_e119,mean_vs_sum,gnn,gnn_mean,J,50%,95,47,5,5,-0.00012264298711048838,0.00023850730769661742,-0.0004382302614707734,0.00016196971455362252
loco_perturbed_iso,graph_vs_capacity_matched,capacity_matched_deepsets,gnn,terminal,10%,111,11,5,5,0.0004708578640764405,0.0015249145747987796,-0.0014462809671055218,0.0020083063705401
loco_perturbed_iso,graph_vs_capacity_matched,capacity_matched_deepsets,gnn,terminal,25%,111,27,5,5,0.0005289825300375626,0.0007540554388072551,-0.0007825030220879464,0.0010718218982219696
loco_perturbed_iso,graph_vs_capacity_matched,capacity_matched_deepsets,gnn,terminal,50%,111,55,5,5,-5.0145536661147516e-05,0.0003162176423292562,-0.0004918139089237564,0.0003018798475915782
loco_perturbed_iso,graph_vs_capacity_matched,capacity_matched_deepsets,gnn,J,10%,111,11,5,5,0.0013670319696944765,0.0016321679479554805,-0.0003827989581182134,0.003960684393391478
loco_perturbed_iso,graph_vs_capacity_matched,capacity_matched_deepsets,gnn,J,25%,111,27,5,5,0.00023409827094940107,0.0004960492385205099,-0.00032644608391468877,0.0009774555797102957
loco_perturbed_iso,graph_vs_capacity_matched,capacity_matched_deepsets,gnn,J,50%,111,55,5,5,0.00044325479323219507,0.00041710369649931037,0.00010207651634563941,0.0011445247302905304
loco_perturbed_iso,mean_vs_sum,gnn,gnn_mean,terminal,10%,111,11,5,5,5.4190714250912377e-05,0.0013781926591520468,-0.0009227445857091371,0.002465762875296852
loco_perturbed_iso,mean_vs_sum,gnn,gnn_mean,terminal,25%,111,27,5,5,8.788070193041508e-06,0.000656563873577399,-0.000862638155619308,0.0009291242394182386
loco_perturbed_iso,mean_vs_sum,gnn,gnn_mean,terminal,50%,111,55,5,5,-0.0002496189149943262,0.0003128380808804473,-0.000572814521464432,0.00010460222309285894
loco_perturbed_iso,mean_vs_sum,gnn,gnn_mean,J,10%,111,11,5,5,-9.84121452679565e-06,0.002320145319989599,-0.0030379442159425007,0.0027308974076400983
loco_perturbed_iso,mean_vs_sum,gnn,gnn_mean,J,25%,111,27,5,5,-6.477508601949733e-05,0.00035801688903128854,-0.0005936922045585158,0.00027619081399871126
loco_perturbed_iso,mean_vs_sum,gnn,gnn_mean,J,50%,111,55,5,5,1.9716706804262517e-05,0.00015152931310562245,-0.00022964002169445497,0.00014807503444685954
loco_plateau,graph_vs_capacity_matched,capacity_matched_deepsets,gnn,terminal,10%,103,10,5,5,0.0007150287553668033,0.0004307270343674871,0.00030696000903844903,0.0014277907088398947
loco_plateau,graph_vs_capacity_matched,capacity_matched_deepsets,gnn,terminal,25%,103,25,5,5,0.000248709082603453,0.0004005161930827687,-0.00040526986122131625,0.0005865673720836587
loco_plateau,graph_vs_capacity_matched,capacity_matched_deepsets,gnn,terminal,50%,103,51,5,5,5.5343847648769984e-05,7.578268444090143e-05,0.0,0.00013835961912192496
loco_plateau,graph_vs_capacity_matched,capacity_matched_deepsets,gnn,J,10%,103,10,5,5,0.0006170454236368528,0.0009365098893295268,-0.0007718801591545255,0.0015051934961229918
loco_plateau,graph_vs_capacity_matched,capacity_matched_deepsets,gnn,J,25%,103,25,5,5,-5.231622283659032e-05,0.00017910960240006605,-0.0003138200975953964,0.0001690795732040562
loco_plateau,graph_vs_capacity_matched,capacity_matched_deepsets,gnn,J,50%,103,51,5,5,-7.610818529444341e-05,0.00014074534104879913,-0.0003224383138753506,2.398960097554914e-05
loco_plateau,mean_vs_sum,gnn,gnn_mean,terminal,10%,103,10,5,5,0.00040028475224971813,0.0007174853253586267,-0.0004006963223218904,0.0011208306998014457
loco_plateau,mean_vs_sum,gnn,gnn_mean,terminal,25%,103,25,5,5,-0.0005934215784072869,0.0007567688911164849,-0.001859950423240657,0.00017242923378944092
loco_plateau,mean_vs_sum,gnn,gnn_mean,terminal,50%,103,51,5,5,-2.7671923824384992e-05,6.18763027395208e-05,-0.00013835961912192496,0.0
loco_plateau,mean_vs_sum,gnn,gnn_mean,J,10%,103,10,5,5,0.00017101837104805951,0.0007422047142236156,-0.0005315627064556017,0.0009889476575578038
loco_plateau,mean_vs_sum,gnn,gnn_mean,J,25%,103,25,5,5,0.00010954388727747455,0.000452549893889955,-0.0006613647726674277,0.0004913811385631739
loco_plateau,mean_vs_sum,gnn,gnn_mean,J,50%,103,51,5,5,1.5033677804676682e-05,0.00014838435068142917,-0.00013359407437790738,0.00026180337067527315
loco_decay,graph_vs_capacity_matched,capacity_matched_deepsets,gnn,terminal,10%,113,11,5,5,0.00041202902793884,0.0016723246264140265,-0.0014107132499868308,0.002242743291638108
loco_decay,graph_vs_capacity_matched,capacity_matched_deepsets,gnn,terminal,25%,113,28,5,5,0.000721309440476553,0.0009705521355183234,-0.0008132351296288587,0.001835728862455907
loco_decay,graph_vs_capacity_matched,capacity_matched_deepsets,gnn,terminal,50%,113,56,5,5,-9.226463735103052e-05,0.00027256510735431294,-0.000498160719871521,0.0002509938286883451
loco_decay,graph_vs_capacity_matched,capacity_matched_deepsets,gnn,J,10%,113,11,5,5,-0.00037654172742004335,0.0015319581885514793,-0.0026292191366806272,0.0012474425475705875
loco_decay,graph_vs_capacity_matched,capacity_matched_deepsets,gnn,J,25%,113,28,5,5,0.0005617589751878982,0.0006719061307800809,-0.0005185112844975914,0.0011721914678456957
loco_decay,graph_vs_capacity_matched,capacity_matched_deepsets,gnn,J,50%,113,56,5,5,0.00032763112868586795,0.00018599973149682557,1.3538190562822905e-05,0.000510323322599926
loco_decay,mean_vs_sum,gnn,gnn_mean,terminal,10%,113,11,5,5,-0.0018224550919099247,0.0008532936698220615,-0.002933893014084199,-0.0005973638458685315
loco_decay,mean_vs_sum,gnn,gnn_mean,terminal,25%,113,28,5,5,-0.00024755453424794296,0.0014850225348641015,-0.0025642474314996194,0.0014174061694315482
loco_decay,mean_vs_sum,gnn,gnn_mean,terminal,50%,113,56,5,5,7.839575409889221e-05,0.00023911777322731297,-0.00010618194937705994,0.000498160719871521
loco_decay,mean_vs_sum,gnn,gnn_mean,J,10%,113,11,5,5,0.00048531806378649956,0.0014577767317237333,-0.0007685009672334653,0.0022187815640459796
loco_decay,mean_vs_sum,gnn,gnn_mean,J,25%,113,28,5,5,0.0002037691218512605,0.00035028378692381865,-5.7684911769773084e-05,0.0008115310332782455
loco_decay,mean_vs_sum,gnn,gnn_mean,J,50%,113,56,5,5,-0.00012297716302177574,0.00038760950053906714,-0.000810796472554387,9.795532872275414e-05
loco_log_variant,graph_vs_capacity_matched,capacity_matched_deepsets,gnn,terminal,10%,69,6,5,5,0.00010716735074917487,0.003178365753963661,-0.005009178072214127,0.0027725074129800005
loco_log_variant,graph_vs_capacity_matched,capacity_matched_deepsets,gnn,terminal,25%,69,17,5,5,0.0,0.0,0.0,0.0
loco_log_variant,graph_vs_capacity_matched,capacity_matched_deepsets,gnn,terminal,50%,69,34,5,5,0.0001711614868220135,0.0005464819833817753,-0.000526496592689954,0.0009240367833305702
loco_log_variant,graph_vs_capacity_matched,capacity_matched_deepsets,gnn,J,10%,69,6,5,5,-0.00032877380300001536,0.0005834145888193669,-0.001346719572191235,0.0
loco_log_variant,graph_vs_capacity_matched,capacity_matched_deepsets,gnn,J,25%,69,17,5,5,0.0,0.0,0.0,0.0
loco_log_variant,graph_vs_capacity_matched,capacity_matched_deepsets,gnn,J,50%,69,34,5,5,-2.3964530989228904e-05,5.358632034081611e-05,-0.00011982265494614452,0.0
loco_log_variant,mean_vs_sum,gnn,gnn_mean,terminal,10%,69,6,5,5,0.001411912376837184,0.003393797993493675,-0.0027725074129800005,0.005009178072214127
loco_log_variant,mean_vs_sum,gnn,gnn_mean,terminal,25%,69,17,5,5,0.0,0.0,0.0,0.0
loco_log_variant,mean_vs_sum,gnn,gnn_mean,terminal,50%,69,34,5,5,0.00019845322651021458,0.0002725901276711049,0.0,0.000526496592689954
loco_log_variant,mean_vs_sum,gnn,gnn_mean,J,10%,69,6,5,5,5.942988856176834e-05,0.0009615021379767143,-0.001346719572191235,0.001346719572191235
loco_log_variant,mean_vs_sum,gnn,gnn_mean,J,25%,69,17,5,5,0.0,0.0,0.0,0.0
loco_log_variant,mean_vs_sum,gnn,gnn_mean,J,50%,69,34,5,5,2.3964530989228904e-05,5.358632034081611e-05,0.0,0.00011982265494614452
loco_external_fire,graph_vs_capacity_matched,capacity_matched_deepsets,gnn,terminal,10%,49,4,5,5,0.0018925167620182036,0.0034007095841676826,-0.0027420148253440857,0.005068935453891754
loco_external_fire,graph_vs_capacity_matched,capacity_matched_deepsets,gnn,terminal,25%,49,12,5,5,0.0005663566291332356,0.0009275394736562657,-0.0007538137336571826,0.0014415097733338766
loco_external_fire,graph_vs_capacity_matched,capacity_matched_deepsets,gnn,terminal,50%,49,24,5,5,0.0007839366793632397,0.0010191648942674497,-0.0003984340776999884,0.0021108463406562805
loco_external_fire,graph_vs_capacity_matched,capacity_matched_deepsets,gnn,J,10%,49,4,5,5,0.003555547377715529,0.0017881090134500308,0.0012874202181896166,0.006264958592752667
loco_external_fire,graph_vs_capacity_matched,capacity_matched_deepsets,gnn,J,25%,49,12,5,5,0.0007525470770067489,0.0012406515389187518,-0.0006907868302530318,0.0023549143535395167
loco_external_fire,graph_vs_capacity_matched,capacity_matched_deepsets,gnn,J,50%,49,24,5,5,-0.0004762426846557033,0.0004943405895265631,-0.0013288038627555232,-4.281031174785399e-05
loco_external_fire,mean_vs_sum,gnn,gnn_mean,terminal,10%,49,4,5,5,0.0015725620090961457,0.0015137291678991769,0.0004353076219558716,0.003318134695291519
loco_external_fire,mean_vs_sum,gnn,gnn_mean,terminal,25%,49,12,5,5,-0.0014063785473505785,0.0006802391166449347,-0.0024884951611360007,-0.0006768244008223401
loco_external_fire,mean_vs_sum,gnn,gnn_mean,terminal,50%,49,24,5,5,-0.00040909113983312874,0.0007700115010907431,-0.0011062702784935818,0.0007660215099652701
loco_external_fire,mean_vs_sum,gnn,gnn_mean,J,10%,49,4,5,5,0.001184186066190418,0.0011959138186090894,0.0,0.0030980213234822473
loco_external_fire,mean_vs_sum,gnn,gnn_mean,J,25%,49,12,5,5,-0.0005602588752905535,0.0012402794381709693,-0.0016037348864806344,0.0013472351866464227
loco_external_fire,mean_vs_sum,gnn,gnn_mean,J,50%,49,24,5,5,4.5288445221070003e-05,0.0007205610095608889,-0.0006445814700176689,0.0012136484961957628
loco_bilinear,graph_vs_capacity_matched,capacity_matched_deepsets,gnn,terminal,10%,77,7,5,5,-0.0037053823471069336,0.006191008334696013,-0.01264954251902442,0.003742777875491543
loco_bilinear,graph_vs_capacity_matched,capacity_matched_deepsets,gnn,terminal,25%,77,19,5,5,-0.003725661729511459,0.0013987192193373212,-0.005190676764438018,-0.0023175258385507713
loco_bilinear,graph_vs_capacity_matched,capacity_matched_deepsets,gnn,terminal,50%,77,38,5,5,-0.0032201360715062967,0.007231303428244545,-0.011869720722499644,0.003787815570831299
loco_bilinear,graph_vs_capacity_matched,capacity_matched_deepsets,gnn,J,10%,77,7,5,5,0.0,0.0023599835053602206,-0.003337520680257222,0.003337520680257222
loco_bilinear,graph_vs_capacity_matched,capacity_matched_deepsets,gnn,J,25%,77,19,5,5,0.0015511770768646294,0.0018500874557893568,0.0,0.0036245481813685365
loco_bilinear,graph_vs_capacity_matched,capacity_matched_deepsets,gnn,J,50%,77,38,5,5,0.0007260987685437481,0.0019762891383211974,-0.0009116326573125333,0.003353029417625608
loco_bilinear,mean_vs_sum,gnn,gnn_mean,terminal,10%,77,7,5,5,0.0044098202671323415,0.0035108849734913966,0.0,0.009804404207638312
loco_bilinear,mean_vs_sum,gnn,gnn_mean,terminal,25%,77,19,5,5,0.002388167851849604,0.0014951575676467339,0.0,0.004091106747326101
loco_bilinear,mean_vs_sum,gnn,gnn_mean,terminal,50%,77,38,5,5,0.0005110232453597208,0.00541371641031054,-0.006680663479001925,0.008402051110016684
loco_bilinear,mean_vs_sum,gnn,gnn_mean,J,10%,77,7,5,5,-0.0013350082721028888,0.0018280353627168674,-0.003337520680257222,0.0
loco_bilinear,mean_vs_sum,gnn,gnn_mean,J,25%,77,19,5,5,-0.0018927661094226057,0.002239658048299966,-0.004956789197106126,5.0528288671913835e-05
loco_bilinear,mean_vs_sum,gnn,gnn_mean,J,50%,77,38,5,5,-0.00045374512018865333,0.0027193560408057056,-0.003237321972846985,0.003453854046631233
loco_linear,graph_vs_capacity_matched,capacity_matched_deepsets,gnn,terminal,10%,125,12,5,5,0.0,0.0,0.0,0.0
loco_linear,graph_vs_capacity_matched,capacity_matched_deepsets,gnn,terminal,25%,125,31,5,5,-0.0003373413316665241,0.0013527955322039738,-0.0021435815480447817,0.001398108659252023
loco_linear,graph_vs_capacity_matched,capacity_matched_deepsets,gnn,terminal,50%,125,62,5,5,0.00021217330809562563,0.0003185168620821283,-0.00016949445970596,0.0007032141570121886
loco_linear,graph_vs_capacity_matched,capacity_matched_deepsets,gnn,J,10%,125,12,5,5,0.0,0.0,0.0,0.0
loco_linear,graph_vs_capacity_matched,capacity_matched_deepsets,gnn,J,25%,125,31,5,5,0.00014833959840958587,0.00021233996923414645,-0.00011091106120619809,0.00037569247426527674
loco_linear,graph_vs_capacity_matched,capacity_matched_deepsets,gnn,J,50%,125,62,5,5,9.681135335921631e-05,0.00020156106105218656,-0.00013696250095140972,0.0003693287491156605
loco_linear,mean_vs_sum,gnn,gnn_mean,terminal,10%,125,12,5,5,0.0,0.0,0.0,0.0
loco_linear,mean_vs_sum,gnn,gnn_mean,terminal,25%,125,31,5,5,0.0004018220209306367,0.001172150292057759,-0.0008434585986598631,0.001978227688420209
loco_linear,mean_vs_sum,gnn,gnn_mean,terminal,50%,125,62,5,5,0.0001755632700458698,0.000286837062820869,-0.00023514849524344794,0.00039407226347154545
loco_linear,mean_vs_sum,gnn,gnn_mean,J,10%,125,12,5,5,0.0,0.0,0.0,0.0
loco_linear,mean_vs_sum,gnn,gnn_mean,J,25%,125,31,5,5,0.00021388965428517092,0.0001115176752335823,7.261845773909315e-05,0.0003689663785119146
loco_linear,mean_vs_sum,gnn,gnn_mean,J,50%,125,62,5,5,-2.815877638200348e-05,7.135823159779704e-05,-0.00012669141093901715,4.684958727130262e-05
loco_smoldering,graph_vs_capacity_matched,capacity_matched_deepsets,gnn,terminal,10%,97,9,5,5,-0.0008370174301995048,0.003828401999839509,-0.004696249961853027,0.003132641315460205
loco_smoldering,graph_vs_capacity_matched,capacity_matched_deepsets,gnn,terminal,25%,97,24,5,5,0.0,0.0,0.0,0.0
loco_smoldering,graph_vs_capacity_matched,capacity_matched_deepsets,gnn,terminal,50%,97,48,5,5,0.0,0.0,0.0,0.0
loco_smoldering,graph_vs_capacity_matched,capacity_matched_deepsets,gnn,J,10%,97,9,5,5,0.0,1.1101870146385419e-05,-1.570041532872324e-05,1.570041532872324e-05
loco_smoldering,graph_vs_capacity_matched,capacity_matched_deepsets,gnn,J,25%,97,24,5,5,-4.4408920985006264e-17,6.080941944488118e-17,-1.1102230246251565e-16,0.0
loco_smoldering,graph_vs_capacity_matched,capacity_matched_deepsets,gnn,J,50%,97,48,5,5,0.0,0.0,0.0,0.0
loco_smoldering,mean_vs_sum,gnn,gnn_mean,terminal,10%,97,9,5,5,-0.002457076973385286,0.005827110228724601,-0.009753425916036007,0.003389808866712807
loco_smoldering,mean_vs_sum,gnn,gnn_mean,terminal,25%,97,24,5,5,0.0,0.0,0.0,0.0
loco_smoldering,mean_vs_sum,gnn,gnn_mean,terminal,50%,97,48,5,5,0.0,0.0,0.0,0.0
loco_smoldering,mean_vs_sum,gnn,gnn_mean,J,10%,97,9,5,5,6.280166131489295e-06,1.4042878380001947e-05,-1.570041532872324e-05,1.570041532872324e-05
loco_smoldering,mean_vs_sum,gnn,gnn_mean,J,25%,97,24,5,5,2.2204460492503132e-17,4.965068306494547e-17,0.0,1.1102230246251565e-16
loco_smoldering,mean_vs_sum,gnn,gnn_mean,J,50%,97,48,5,5,0.0,0.0,0.0,0.0
