protocol,model,seed,test_geometries,final_MAE,final_bias,time_average_MAE,time_average_bias
iid997,fire_only,42,160,0.009213423629989847,-0.0014016317727509886,0.0076273677723050545,-0.002366480829186913
iid997,fire_only,43,160,0.009227254666620865,0.0004788794612977654,0.00737960142014344,-0.0012731365174719592
iid997,fire_only,44,160,0.009245436551282182,-0.002188450325047597,0.00763678038869936,-0.00318645288761521
iid997,fire_only,45,160,0.010647536761825904,0.0004884116293396801,0.007553789668587936,-0.0011213002719766018
iid997,fire_only,46,160,0.009578081424115226,8.6177111370489e-05,0.0074105330603075805,-0.00025896810685176777
iid997,global_stats,42,160,0.007205919997068122,-0.0013570525858085602,0.0056926238227242645,-0.0019042120338538873
iid997,global_stats,43,160,0.00759972432279028,-7.796957506798208e-05,0.005667460051760533,-0.002079187698557999
iid997,global_stats,44,160,0.007702177361352369,-0.0005944856733549386,0.005730567858348278,-0.0013100445516101937
iid997,global_stats,45,160,0.007635974924778566,-0.0003088263387326151,0.005706897916182547,-0.0017902245509443086
iid997,global_stats,46,160,0.007445167755940929,-0.0011434886080678552,0.005811923397401801,-0.0018919388823875703
iid997,deepsets,42,160,0.007053685729624703,0.0021253883198369293,0.005027217532709385,-0.0014839801475682187
iid997,deepsets,43,160,0.00785650623147376,0.0021251648024190216,0.005359783009419822,-0.00018733378908412853
iid997,deepsets,44,160,0.006692621432011947,0.0005506897286977619,0.0048414020795098656,-0.0011538219608216102
iid997,deepsets,45,160,0.0075451001001056285,0.0015964948514010757,0.004955408288891097,0.00029103938770276875
iid997,deepsets,46,160,0.008608118345728144,-0.0013383050507400184,0.004894850484937101,-0.0011222635629746943
iid997,capacity_matched_deepsets,42,160,0.006801499420544132,-4.7793012345209715e-05,0.005215269908258056,-0.00107301470136008
iid997,capacity_matched_deepsets,43,160,0.006836048589320853,0.0026189992495346814,0.004735192905924737,0.0005757909044890191
iid997,capacity_matched_deepsets,44,160,0.0067564248747657984,0.0012002767238300295,0.0048113572473206054,-0.001276660765979612
iid997,capacity_matched_deepsets,45,160,0.0070835465507116165,0.0005343560536857694,0.00495621305733947,-0.0008951964868780668
iid997,capacity_matched_deepsets,46,160,0.007540805399185046,7.5396557804197075e-06,0.004923256074434902,-0.0003505123896684465
iid997,gnn,42,160,0.00791332105291076,-0.0016069322999101132,0.005618844786937796,-0.002704891267361138
iid997,gnn,43,160,0.007951474917354063,0.0005331952881533653,0.0050872230226013965,-0.00022667968452878517
iid997,gnn,44,160,0.007159862545086071,0.0021671243652235717,0.004503443417476475,-0.00030056896843841006
iid997,gnn,45,160,0.008161823166301475,-0.0012246222759131342,0.005541587028019414,-0.0032987557050000713
iid997,gnn,46,160,0.008000201283721253,0.002167871518759057,0.004736231000072917,-0.000976998715498974
iid997,gnn_zero_edge_features,42,160,0.007796508952742443,-0.0015791573154274375,0.005464907519817636,-0.0016714436464947834
iid997,gnn_zero_edge_features,43,160,0.007775924244197085,0.0032157566223759205,0.004982966871745387,-9.286235766921732e-05
iid997,gnn_zero_edge_features,44,160,0.00729651433066465,-4.4305663323029876e-05,0.004561575971783903,-0.0009024284807310268
iid997,gnn_zero_edge_features,45,160,0.007042619650019333,0.0003631910018157214,0.004899950404251297,-0.0009612216188422011
iid997,gnn_zero_edge_features,46,160,0.00731100385892205,-0.000543707684846595,0.004444668617203813,-0.0004716560371768229
iid997,gnn_mean,42,160,0.007081775454571471,-0.0007476061175111682,0.005118540049091583,-0.0011696698921271728
iid997,gnn_mean,43,160,0.008739513711770997,0.003760126599809155,0.0050353977649623,0.0004861032348587008
iid997,gnn_mean,44,160,0.007542575796833262,-0.0012530435400549323,0.0047878476717232955,-0.0010129470938045361
iid997,gnn_mean,45,160,0.007413425255799666,0.0006110257527325302,0.004794915726221616,-0.0011168024495054937
iid997,gnn_mean,46,160,0.006566238281084225,0.001310250087408349,0.0044245872174967,-0.0008056264346547968
lcro_9_15,fire_only,42,264,0.024640799933959814,0.021859648337615938,0.014411037935423523,0.012623095200530853
lcro_9_15,fire_only,43,264,0.01721341940786012,0.013780957218400683,0.01183989400048053,0.009188813736332733
lcro_9_15,fire_only,44,264,0.017708461826921186,0.01388716233089905,0.012241539922523763,0.009993727749083938
lcro_9_15,fire_only,45,264,0.01836509981093872,0.014328982945616272,0.012588278886518445,0.010205136850760552
lcro_9_15,fire_only,46,264,0.01742615341561649,0.01384080912226416,0.011794146855714248,0.009405418459996007
lcro_9_15,global_stats,42,264,0.017036999903873286,0.011213330484954922,0.011637404619772264,0.007989192735502273
lcro_9_15,global_stats,43,264,0.013693248708450206,0.006722414382789849,0.009237130234396321,0.0038209956917706683
lcro_9_15,global_stats,44,264,0.012410541379005846,0.0001315149711444974,0.008294983716107452,-0.000546529435858677
lcro_9_15,global_stats,45,264,0.01349776809343673,0.004048025415448303,0.009849088075281195,0.0052680848233300085
lcro_9_15,global_stats,46,264,0.014071414476458096,0.00774659795305607,0.009732339616841109,0.005204945107658265
lcro_9_15,deepsets,42,264,0.018384264877320013,0.01379370854137409,0.01046548636901079,0.007966893890775886
lcro_9_15,deepsets,43,264,0.014406156433379334,0.006154800472414177,0.008830191849340216,0.0022934250280098223
lcro_9_15,deepsets,44,264,0.014066272863243339,0.002924345317296684,0.008226141560288568,-0.001964606858698485
lcro_9_15,deepsets,45,264,0.01769467627022867,-0.0013843449079572704,0.011038795570633317,-0.006356778188740574
lcro_9_15,deepsets,46,264,0.013541113391208151,0.005907746204739493,0.0077464306145489615,0.000116236171397956
lcro_9_15,capacity_matched_deepsets,42,264,0.015505358305138847,0.009889636058219228,0.007962447980815966,0.0036278026141952466
lcro_9_15,capacity_matched_deepsets,43,264,0.016591777252456683,-0.006693962210027332,0.009653911182021585,-0.0059794326828550935
lcro_9_15,capacity_matched_deepsets,44,264,0.013105371610656606,0.0043429394047989536,0.007407539822341998,-0.002406417243683888
lcro_9_15,capacity_matched_deepsets,45,264,0.014827077146478448,0.0008599579327203559,0.008122191489243468,-0.003422958855383435
lcro_9_15,capacity_matched_deepsets,46,264,0.01501017930621112,0.00840785495838094,0.007646746637299355,0.003242181698405698
lcro_9_15,gnn,42,264,0.014870838159836378,0.003918941735967316,0.007004748257587021,-0.0008317272006043096
lcro_9_15,gnn,43,264,0.015470153189998007,0.007655319944729634,0.007893700968299824,0.0042081470865179575
lcro_9_15,gnn,44,264,0.014529081834056838,0.0023005851791381383,0.007381491694648482,-0.0017356109083468407
lcro_9_15,gnn,45,264,0.013779688488946042,0.0064845303052359,0.006870712021610063,0.001059982938169578
lcro_9_15,gnn,46,264,0.012647130389020524,0.005623757701621137,0.007410371623928328,0.0005529655232326508
lcro_9_15,gnn_zero_edge_features,42,264,0.011804491715421054,0.0018802088875831528,0.0071385703696278426,-0.0008817819579850615
lcro_9_15,gnn_zero_edge_features,43,264,0.014148657227809908,0.0036086354185968185,0.007465609620644831,-1.2884719829093681e-05
lcro_9_15,gnn_zero_edge_features,44,264,0.012738941960516528,0.004294439151911347,0.007167323394447757,0.0014404140269860639
lcro_9_15,gnn_zero_edge_features,45,264,0.015471554661141427,0.010169474453891091,0.007326486656926461,0.003031287899743859
lcro_9_15,gnn_zero_edge_features,46,264,0.01603869193896764,0.005830306422219358,0.008066481299575767,-0.0005775180354322131
lcro_9_15,gnn_mean,42,264,0.01456013107037341,0.0025324010339593797,0.007356635568658486,-0.0014893272130898807
lcro_9_15,gnn_mean,43,264,0.014664319996496268,0.007185507202379857,0.007122214539662995,0.0011505687989649105
lcro_9_15,gnn_mean,44,264,0.013415711737858752,0.004331677732283644,0.0064434112133643405,-0.0008316706744392364
lcro_9_15,gnn_mean,45,264,0.01599505815697326,0.010188506051869781,0.008078944367923098,0.0034961230560094795
lcro_9_15,gnn_mean,46,264,0.012566298800238379,0.0011074304982850497,0.0069791875867160754,-0.0016188840917502586
loco_iso834,fire_only,42,158,0.0055707880307601975,-0.0009433830840678154,0.00833007284058926,-0.0014188595854908992
loco_iso834,fire_only,43,158,0.005729346241377577,0.0032983181314377844,0.00829892599177135,-0.0010081066246998272
loco_iso834,fire_only,44,158,0.005444178522764882,-2.4637089499944373e-05,0.008278370891080754,-0.000683336033788422
loco_iso834,fire_only,45,158,0.005410568434980851,0.00043663208054590827,0.008225989576727781,0.00045258218485413995
loco_iso834,fire_only,46,158,0.005541941268911845,-0.000753475235232824,0.008371915414787923,-0.0017255167284281048
loco_iso834,global_stats,42,158,0.003916979496237598,0.0006063215057306652,0.005918366106360644,-0.0004167779454890605
loco_iso834,global_stats,43,158,0.004448865622847895,0.0024258330983074404,0.005930690045511735,-3.792793560725431e-05
loco_iso834,global_stats,44,158,0.004083972047024135,-0.0010403688949874685,0.0059518582670937525,-0.000315817383035452
loco_iso834,global_stats,45,158,0.004171980403458016,-0.0012749687450218804,0.006053640238964285,-0.0010228052529023014
loco_iso834,global_stats,46,158,0.004159376213822184,-0.0013117520020732396,0.006042965350649023,-0.000615002549320207
loco_iso834,deepsets,42,158,0.003484868951424768,-9.587607523308525e-05,0.004953476938100738,-0.0008979486613947017
loco_iso834,deepsets,43,158,0.0034061424387029455,2.3613153379174728e-07,0.004820526141146744,-0.0012865685411819247
loco_iso834,deepsets,44,158,0.0037529561904412283,-0.0012268482507029666,0.004829828175107012,-0.0009499611482338586
loco_iso834,deepsets,45,158,0.003700876962157744,-0.001081764179317257,0.005071936869200013,-0.0017682851221459581
loco_iso834,deepsets,46,158,0.004405160210555112,-0.0027322918176651,0.005249161353405512,-0.001922382834418534
loco_iso834,capacity_matched_deepsets,42,158,0.0035281831846584247,0.0020937292211795156,0.004513445767900174,-7.834204999171669e-05
loco_iso834,capacity_matched_deepsets,43,158,0.003403687778907486,0.00024055614124370527,0.004784798632741349,-0.0003293637516377807
loco_iso834,capacity_matched_deepsets,44,158,0.003829716716574717,0.0010245520904471604,0.004828916065874295,-0.0008712599629669903
loco_iso834,capacity_matched_deepsets,45,158,0.003748712212413172,-0.0013786326339350471,0.005221870341357858,-0.002149396252775174
loco_iso834,capacity_matched_deepsets,46,158,0.0036650075801188432,-0.0008737678061934966,0.005418522768547819,-0.0032112719921418703
loco_iso834,gnn,42,158,0.005995666254547578,-0.005107648340584357,0.004701056105442308,-0.0015798913456405263
loco_iso834,gnn,43,158,0.003537394813721693,0.00037892940866796277,0.004548780097064211,-0.001691100111757777
loco_iso834,gnn,44,158,0.003465778583401366,-0.0002405933234133298,0.004466699449471221,-0.0006450730731577101
loco_iso834,gnn,45,158,0.0039050100206197065,-0.0012156933876155298,0.004651285747050428,0.0007511867408715319
loco_iso834,gnn,46,158,0.00402537400869629,-0.0009349257084010523,0.005190954802809326,-0.0018320273755330488
loco_iso834,gnn_zero_edge_features,42,158,0.00370291728950754,0.0005723142265519009,0.004612842047752084,-0.0002129379923176425
loco_iso834,gnn_zero_edge_features,43,158,0.003782088455708721,0.001309506382934655,0.004839419091576199,0.00031815885196789513
loco_iso834,gnn_zero_edge_features,44,158,0.004285809949417657,-0.0019521547976551177,0.0045608533882312,-0.0003779923521720995
loco_iso834,gnn_zero_edge_features,45,158,0.0038943551952325844,-0.0011070761593836773,0.004624141445029757,-0.00029683125044223255
loco_iso834,gnn_zero_edge_features,46,158,0.0040282464668720585,-0.0015517221410063248,0.005451595506980575,-0.002532464586088298
loco_iso834,gnn_mean,42,158,0.004040640837784055,-0.0008678924339481547,0.004949286288507124,0.0006971510252934979
loco_iso834,gnn_mean,43,158,0.003918224851353259,-0.001913529148773302,0.004930531433370854,-0.001649626585525232
loco_iso834,gnn_mean,44,158,0.0036501181370849852,-0.0007748483574088616,0.004364055051283611,-0.0011164073199662475
loco_iso834,gnn_mean,45,158,0.0034727855715193327,7.248299691496016e-05,0.004517223732545971,-0.00047956248450599424
loco_iso834,gnn_mean,46,158,0.003988863287281387,-0.0018135381603165519,0.004830392029820172,-0.0016247374942832734
loco_astm_e119,fire_only,42,95,0.006430977700572265,0.001120827582321669,0.008527796517142593,0.00042111995286853924
loco_astm_e119,fire_only,43,95,0.006442005500981682,0.001437931743107344,0.008532955078898284,0.0009111833196590667
loco_astm_e119,fire_only,44,95,0.006433533092862681,0.0012017483381848587,0.008526060126002936,0.0002561627946010079
loco_astm_e119,fire_only,45,95,0.0064688769218168764,0.0018026153115849747,0.008527231069706504,0.0001258695867370006
loco_astm_e119,fire_only,46,95,0.0064258529951697905,0.0009097712604623091,0.008527824895031613,0.00042381585232521206
loco_astm_e119,global_stats,42,95,0.004903648989765268,0.00046277881452911777,0.006617433871551034,-0.0017298656639953452
loco_astm_e119,global_stats,43,95,0.008124340325593948,0.007626546644850781,0.00643610932815231,-0.0004948065733831108
loco_astm_e119,global_stats,44,95,0.004937331888236498,0.0003646534916601683,0.006555028680973406,0.000599382529852169
loco_astm_e119,global_stats,45,95,0.00488870841892142,0.00022964250100286382,0.006393099134428453,-0.000464693290230475
loco_astm_e119,global_stats,46,95,0.004857497701519414,0.0010327176043861792,0.0065918730199337056,0.0015381333212319153
loco_astm_e119,deepsets,42,95,0.004217505925580075,0.00012010328079524793,0.004735336663822327,-0.0003215414919612706
loco_astm_e119,deepsets,43,95,0.004906886776811198,-0.00275095807094323,0.004773996838678916,-0.0024882139504086537
loco_astm_e119,deepsets,44,95,0.0039029948805507863,0.00044655729281274897,0.003976409379719637,-0.00041987404423324536
loco_astm_e119,deepsets,45,95,0.004632666628611715,0.0027232370878520766,0.004447383087193753,0.000707943073490202
loco_astm_e119,deepsets,46,95,0.004224459081888199,0.0015844547826992838,0.004292898994069874,0.001272666731751283
loco_astm_e119,capacity_matched_deepsets,42,95,0.004116002587895644,0.0002634786461528979,0.004007714546955471,-0.0001878442745982595
loco_astm_e119,capacity_matched_deepsets,43,95,0.004173170030117035,-0.0010624929478293972,0.004095650485863811,-0.0007104836286682867
loco_astm_e119,capacity_matched_deepsets,44,95,0.005565030755181061,0.0049956864040148884,0.004091742397204302,0.00029287623241543875
loco_astm_e119,capacity_matched_deepsets,45,95,0.00416740579040427,0.00010123919499547858,0.00430891345467483,-0.0007062334698020341
loco_astm_e119,capacity_matched_deepsets,46,95,0.004583833092137387,-0.0023204914833370007,0.004808751096328102,-0.00293068631176363
loco_astm_e119,gnn,42,95,0.004194354461996179,-0.0011552253836079648,0.003811645364682929,-0.0006599889545325649
loco_astm_e119,gnn,43,95,0.0038172257181845214,0.00028432007682950875,0.004303279061262546,-0.0019126464933026288
loco_astm_e119,gnn,44,95,0.003757826827074352,-3.164787041513543e-05,0.003942044892985571,-0.0009500350417536554
loco_astm_e119,gnn,45,95,0.0038254543354636745,0.0024381132502304882,0.0035937503104408585,0.0007552847762902542
loco_astm_e119,gnn,46,95,0.0038163295309794577,-0.0014090928984315772,0.0038002878692197212,-0.0008674445163393236
loco_astm_e119,gnn_zero_edge_features,42,95,0.004486832610870663,-0.0009110386042218459,0.004498576331360817,-0.0010152042758438606
loco_astm_e119,gnn_zero_edge_features,43,95,0.004241057916691429,-0.0002932321084173102,0.004353910734909669,0.0010669269615359428
loco_astm_e119,gnn_zero_edge_features,44,95,0.0039398658040322755,-5.513037505902742e-07,0.004377151556770525,0.0002545070625318753
loco_astm_e119,gnn_zero_edge_features,45,95,0.004168592707106942,0.0009997692547346415,0.004438557347707585,3.8603108964470404e-05
loco_astm_e119,gnn_zero_edge_features,46,95,0.004019901195639058,0.0020130760967731476,0.004423966806120515,0.001302624949695253
loco_astm_e119,gnn_mean,42,95,0.004846631108145965,0.0037673332581394598,0.003943658474702059,0.00108211258099529
loco_astm_e119,gnn_mean,43,95,0.004206532514409015,-0.0018384053126761788,0.004437541380328562,-0.001894725017053516
loco_astm_e119,gnn_mean,44,95,0.0042011642534481855,-0.0018659472857650958,0.003998202256400859,-0.0014237391239587671
loco_astm_e119,gnn_mean,45,95,0.004004223056529698,0.0031419221115739724,0.003977883955169667,0.0024708949535954417
loco_astm_e119,gnn_mean,46,95,0.004812785590949812,-0.0029082801781202617,0.00459059778404863,-0.0030990308340181397
loco_perturbed_iso,fire_only,42,111,0.007207308199491586,0.004839436159477578,0.007706229773548629,0.0020079159588964205
loco_perturbed_iso,fire_only,43,111,0.005980693877817274,0.003492010606301797,0.007717882855809302,0.0008171957847592243
loco_perturbed_iso,fire_only,44,111,0.005599853221897606,0.002168026861843762,0.007724950485513196,0.0008635718464940844
loco_perturbed_iso,fire_only,45,111,0.00563592205310727,0.0017657503821291365,0.007696669989799679,0.0009047803944452472
loco_perturbed_iso,fire_only,46,111,0.005537806867479204,0.0018063173503489107,0.007698472836488358,0.0015754862870271656
loco_perturbed_iso,global_stats,42,111,0.005027010164282343,0.0033916340352178696,0.005568398267321584,0.002238076600853037
loco_perturbed_iso,global_stats,43,111,0.0045302800901301276,0.0028483199777903857,0.005549924717740613,0.0020833566320595845
loco_perturbed_iso,global_stats,44,111,0.005662096647528914,0.004866367323441549,0.005623485998728802,0.002516490120899396
loco_perturbed_iso,global_stats,45,111,0.005318128612932858,0.0037241232757632796,0.005619404108931981,0.002473249378986094
loco_perturbed_iso,global_stats,46,111,0.004226126078818296,0.0007811674999224173,0.005610120256484545,0.002012685753192544
loco_perturbed_iso,deepsets,42,111,0.004917465553090379,0.00349228755310849,0.004691036350957984,0.002274846226290187
loco_perturbed_iso,deepsets,43,111,0.004496921122342617,0.0026609246191140767,0.004100910809405661,0.0018465762009827536
loco_perturbed_iso,deepsets,44,111,0.003912949582209458,0.001188074515478031,0.004373563698272007,0.0019199943430050646
loco_perturbed_iso,deepsets,45,111,0.005913904222013714,0.005451579049632356,0.004969487495037986,0.0034978454454323844
loco_perturbed_iso,deepsets,46,111,0.003741759806871414,0.0003248042015879004,0.004190240884563312,-0.0003645869522906358
loco_perturbed_iso,capacity_matched_deepsets,42,111,0.0044016803841333135,0.0025271030965152087,0.004349836099657924,0.0009136216049348406
loco_perturbed_iso,capacity_matched_deepsets,43,111,0.004156642165538427,0.0023415740747172553,0.0044896592324538106,0.0022450187120463616
loco_perturbed_iso,capacity_matched_deepsets,44,111,0.004013985361870345,0.0018755140135417114,0.0049997278366114865,0.0036972642042772067
loco_perturbed_iso,capacity_matched_deepsets,45,111,0.004209938819880958,0.0025373469736125016,0.004527550925117528,-0.00029511058216427155
loco_perturbed_iso,capacity_matched_deepsets,46,111,0.0037388459586345396,-9.455306975691169e-05,0.004393203347619317,0.001502323869123569
loco_perturbed_iso,gnn,42,111,0.003724248593186473,0.0010431609242349058,0.004431214584345307,0.0020566060090320077
loco_perturbed_iso,gnn,43,111,0.003842988764649039,0.001741773339810672,0.00418109207892338,0.001876306704136438
loco_perturbed_iso,gnn,44,111,0.0037794543077816836,0.000757445052668855,0.004660009749670015,0.0005516686169123032
loco_perturbed_iso,gnn,45,111,0.00396541408724613,0.0015627655561442847,0.004071345097768505,0.0015549780305911364
loco_perturbed_iso,gnn,46,111,0.004162008966411556,0.001380442096306397,0.004202672838605369,0.0015988350255756133
loco_perturbed_iso,gnn_zero_edge_features,42,111,0.004676975813266393,0.002946125393783724,0.0049387457349838295,0.002692198268677653
loco_perturbed_iso,gnn_zero_edge_features,43,111,0.004996917739107802,0.003903007118014602,0.0045683987276466395,0.0016459217826436002
loco_perturbed_iso,gnn_zero_edge_features,44,111,0.004399530321091145,0.0020769319690025607,0.004406497939615636,0.0021700259902187385
loco_perturbed_iso,gnn_zero_edge_features,45,111,0.004503075536843893,0.0008753710636147507,0.004850967367691494,0.0014867188750176134
loco_perturbed_iso,gnn_zero_edge_features,46,111,0.0040036799671413666,0.00034702837735682996,0.00444200386827414,0.0020717324196800097
loco_perturbed_iso,gnn_mean,42,111,0.006375326934429977,0.005768472379123843,0.005271143443021061,0.003632459034667807
loco_perturbed_iso,gnn_mean,43,111,0.004354252169529597,0.00207036669861089,0.004567894591549941,0.0023095363200091143
loco_perturbed_iso,gnn_mean,44,111,0.006383214649316427,0.005886544112686638,0.004756056807666737,0.003548052748693179
loco_perturbed_iso,gnn_mean,45,111,0.00464859037651672,0.003008096302683289,0.00462238008838829,0.002299473487545514
loco_perturbed_iso,gnn_mean,46,111,0.0047868476459034925,0.0037385004799108247,0.004381720105035082,0.0028035204798855817
loco_plateau,fire_only,42,103,0.010385016232584287,0.0011355934248676578,0.009835908677983536,0.002643095418919372
loco_plateau,fire_only,43,103,0.010131819860883129,0.004379139272767363,0.009378513260397903,0.0024582592438918555
loco_plateau,fire_only,44,103,0.010035638941578495,-0.00033516156514292784,0.00988552434803937,0.0020137031879095373
loco_plateau,fire_only,45,103,0.011323451796926341,-0.0008290626868171599,0.009341263191467058,0.0008536085001159872
loco_plateau,fire_only,46,103,0.011050902867635477,0.0018252491480806499,0.009697260055691003,0.002653832038002482
loco_plateau,global_stats,42,103,0.008806360559990106,0.005595597592227667,0.008053762430753137,0.0034445370417871884
loco_plateau,global_stats,43,103,0.008974738762650675,0.005199503822668085,0.007901012396566506,0.0027761919574637215
loco_plateau,global_stats,44,103,0.01086867768859979,0.009382236079828254,0.008744735028112502,0.005315857217571797
loco_plateau,global_stats,45,103,0.007706717361958281,0.001725407751295173,0.007709769427197654,0.0023199780208200257
loco_plateau,global_stats,46,103,0.010199160016711476,0.004727964461283776,0.008351313141943192,0.003401750393669966
loco_plateau,deepsets,42,103,0.009509820310236181,0.007848390387099924,0.006154470761610996,0.0027020869805239435
loco_plateau,deepsets,43,103,0.007258428694698417,0.005358393783274206,0.006212797973148262,0.002727984359132245
loco_plateau,deepsets,44,103,0.008249031560658251,0.005700856826982452,0.006132594147896024,0.0024340819196721373
loco_plateau,deepsets,45,103,0.009285313212900485,0.007515059892558357,0.006006685431299186,0.0019369002513008762
loco_plateau,deepsets,46,103,0.007321278844932908,0.000904718757543749,0.0055973840348458774,0.0018495478804455324
loco_plateau,capacity_matched_deepsets,42,103,0.007667125772359302,0.004248180417615233,0.0054146581193775896,0.0018896114985340958
loco_plateau,capacity_matched_deepsets,43,103,0.007047749802614879,0.004515176729380506,0.005644307134998521,0.0032408619005667087
loco_plateau,capacity_matched_deepsets,44,103,0.013332479877524006,0.012705224177357062,0.006207507131711668,0.00454175544504836
loco_plateau,capacity_matched_deepsets,45,103,0.007047831126063773,0.004651162429776007,0.00609350430758061,0.00402521524325158
loco_plateau,capacity_matched_deepsets,46,103,0.006889903845572935,0.004602881799479133,0.005208999587036071,0.003102815089126431
loco_plateau,gnn,42,103,0.006934367047930227,0.004376418237547273,0.005897963266596675,0.003526942557459364
loco_plateau,gnn,43,103,0.006542585392310781,0.004292965188477803,0.0052289331417747775,0.0022330731622163405
loco_plateau,gnn,44,103,0.007247703475425545,0.005274306892335994,0.004824634368040122,0.0016569389533673483
loco_plateau,gnn,45,103,0.007350209141963894,0.004342592475049704,0.005045356865200691,0.002660227237528483
loco_plateau,gnn,46,103,0.008328444514315105,0.006551095130808145,0.005266640273233259,0.00313718836863064
loco_plateau,gnn_zero_edge_features,42,103,0.0069959696237612695,0.004034818755914864,0.005443404276454434,0.001717547549411024
loco_plateau,gnn_zero_edge_features,43,103,0.007782714586090115,0.002766862493550893,0.005779204353039131,0.0016396862771181245
loco_plateau,gnn_zero_edge_features,44,103,0.008207320642558117,0.006737742157092372,0.0058996994162888675,0.0036008009216883827
loco_plateau,gnn_zero_edge_features,45,103,0.008740518187868942,0.006093269756552085,0.006608461437921692,0.004828769795620713
loco_plateau,gnn_zero_edge_features,46,103,0.006975704333880573,0.0010246372808819836,0.005670997636651914,0.0017400393536778488
loco_plateau,gnn_mean,42,103,0.00636816328590356,0.0019916000152097164,0.005079625762583125,0.002031001556381388
loco_plateau,gnn_mean,43,103,0.007890090219748831,0.006031925618214515,0.005280826581660116,0.0024210811429883103
loco_plateau,gnn_mean,44,103,0.0066959870056909265,0.0050753043078392455,0.005412681783552503,0.0027019563501755003
loco_plateau,gnn_mean,45,103,0.005618260540429828,0.0015450834649280436,0.00479010353151191,0.0011641121166532183
loco_plateau,gnn_mean,46,103,0.007141055575418241,0.004081548942090238,0.0048485268609640576,0.002158478576038934
loco_decay,fire_only,42,113,0.018471698054170187,-0.011542450537723778,0.009766500814650282,-0.00141922012301147
loco_decay,fire_only,43,113,0.020754659861589954,-0.0028252882503830225,0.008975988893514187,-0.00017843876792266404
loco_decay,fire_only,44,113,0.02119555581459957,-0.014633713306578915,0.01006037522557914,-0.004000618249441659
loco_decay,fire_only,45,113,0.014985604162237286,-3.545164270738585e-05,0.009374935648632083,-8.733732609361181e-05
loco_decay,fire_only,46,113,0.02050012330302095,0.002694160339579118,0.009664687159908024,0.0008053054637481589
loco_decay,global_stats,42,113,0.021603314420290752,-0.007345584311843973,0.007978289077129863,-0.003029336223713942
loco_decay,global_stats,43,113,0.02174847322491418,0.005339958564897554,0.007548800843237597,-0.0006960916423560174
loco_decay,global_stats,44,113,0.015844940150206068,-0.004197761746106949,0.0077048615373912855,-0.0022677473212897236
loco_decay,global_stats,45,113,0.017661915877751545,-0.0057892680036283175,0.008016329565824487,-0.0024154540013994457
loco_decay,global_stats,46,113,0.01867851727040468,-0.013993532850151568,0.008429267826135713,-0.003946634634208366
loco_decay,deepsets,42,113,0.028606800642688716,-0.0035525804336092115,0.009510229531247002,-0.0022391640869653204
loco_decay,deepsets,43,113,0.03180815919046908,0.009605091955281992,0.011371085248272145,-0.00029739694048960255
loco_decay,deepsets,44,113,0.025636456181517744,-0.00882085775379586,0.00834658964699173,-0.0028681008348510643
loco_decay,deepsets,45,113,0.023353447231043756,-0.000552128967458168,0.009627459394391117,-0.00043453836983899086
loco_decay,deepsets,46,113,0.020602086344651417,-0.0029942911546842186,0.007356484125541373,-0.0026330786886292574
loco_decay,capacity_matched_deepsets,42,113,0.02564234200832063,-0.0038159285235193977,0.008944166479165213,-0.004254658631211186
loco_decay,capacity_matched_deepsets,43,113,0.02296623185408854,-0.010925449035336486,0.009986086243043767,-0.005322373520505988
loco_decay,capacity_matched_deepsets,44,113,0.028974264728284516,-0.005733356539127046,0.008860148365298904,-0.0019730806119937798
loco_decay,capacity_matched_deepsets,45,113,0.025183141099668183,-0.00806729363656677,0.009760585628383974,-0.0029046782635833604
loco_decay,capacity_matched_deepsets,46,113,0.0357253709725574,0.006912141774607971,0.010033886211547865,-0.0013606810090640265
loco_decay,gnn,42,113,0.01969706563822991,0.004054408421558617,0.007117466819761067,5.411023169668351e-05
loco_decay,gnn,43,113,0.03349825660739325,0.003092161058324628,0.012136407792128644,0.00079152727483122
loco_decay,gnn,44,113,0.020100603127374057,-0.013397558666436018,0.008855035511507561,-0.006352838530455188
loco_decay,gnn,45,113,0.04022991472640924,-0.005584078288711278,0.010353723627715675,-0.00029691581814865784
loco_decay,gnn,46,113,0.029427155720449127,0.005417905550087448,0.011198272670352697,-0.003679229839976909
loco_decay,gnn_zero_edge_features,42,113,0.02206021046216509,0.011237682098835971,0.008165776394417488,0.001309782813871856
loco_decay,gnn_zero_edge_features,43,113,0.021864274500218113,-0.0019269107585459684,0.009964428353604133,-0.0031341606652182732
loco_decay,gnn_zero_edge_features,44,113,0.020063700665414862,-0.013422596639236518,0.008513074189116813,-0.00487731684296004
loco_decay,gnn_zero_edge_features,45,113,0.021582140793315076,0.004187295856201543,0.008669695142206007,-0.0028249186362005216
loco_decay,gnn_zero_edge_features,46,113,0.02458336586709571,-0.015931651062142532,0.009435617856153876,-0.0051380387949688565
loco_decay,gnn_mean,42,113,0.024916709656209016,0.0059814330487124685,0.010276633237315485,0.0008098247809923576
loco_decay,gnn_mean,43,113,0.021654636920553392,0.0005333732846563897,0.009891881104174077,-0.0005723944681100396
loco_decay,gnn_mean,44,113,0.021876063692358744,-0.016400356801737726,0.009971050316451388,-0.007666639553432441
loco_decay,gnn_mean,45,113,0.028352423908963666,-0.0010781552543682334,0.009699516814300964,-0.0006395618686765642
loco_decay,gnn_mean,46,113,0.031646839351253175,0.01621779344514408,0.010501805136315413,5.18137226458167e-05
loco_log_variant,fire_only,42,69,0.015017602061245429,0.0034898175685868964,0.011183590735384741,0.0057602411309107555
loco_log_variant,fire_only,43,69,0.017997084679824395,-0.010002423852236698,0.010168505241913877,0.0012543241776709134
loco_log_variant,fire_only,44,69,0.017362140640413956,-0.00537144794108589,0.01049992206498276,0.0011284275740640573
loco_log_variant,fire_only,45,69,0.015350928592522616,-0.00518714913767695,0.012242743144234174,0.007518271092257405
loco_log_variant,fire_only,46,69,0.012939703159803606,0.0005862313960476414,0.011048007385390772,0.005632679879534358
loco_log_variant,global_stats,42,69,0.011334566461880679,0.0009451146065459951,0.00906798732465589,0.004775126969904615
loco_log_variant,global_stats,43,69,0.011458547821308932,0.002506294606617935,0.009520441187072692,0.006427231884731879
loco_log_variant,global_stats,44,69,0.012112022750417067,-0.001477198207926383,0.008532093043856957,0.003210576149679443
loco_log_variant,global_stats,45,69,0.011824553004007084,0.005957412771354227,0.007963133327522923,0.0019381371814760967
loco_log_variant,global_stats,46,69,0.013311863493889678,-0.0020264706665488043,0.008317590781342978,0.0032982628043276532
loco_log_variant,deepsets,42,69,0.013003618505351462,-0.003251566718656408,0.006328953404172456,0.003291672207895949
loco_log_variant,deepsets,43,69,0.012745061762752417,0.00534852800141696,0.009054175587716864,0.007669497268476331
loco_log_variant,deepsets,44,69,0.012577834129131035,0.0007773306359118526,0.005988994236022647,0.0007619597780229139
loco_log_variant,deepsets,45,69,0.015524284625628396,-0.005863400950582455,0.006580251824672585,0.00014359353914133527
loco_log_variant,deepsets,46,69,0.012648418824107426,-0.0006618431104563068,0.006457297546676023,-0.0012954230755618259
loco_log_variant,capacity_matched_deepsets,42,69,0.012210074118743449,0.003714592136996056,0.008228978154500887,0.005211638479933918
loco_log_variant,capacity_matched_deepsets,43,69,0.01547370927469076,-0.006949000376060713,0.006394157031365979,-0.0003668199579151487
loco_log_variant,capacity_matched_deepsets,44,69,0.014955704581275906,-0.0018168521987652216,0.007759167046546541,0.002510043350821666
loco_log_variant,capacity_matched_deepsets,45,69,0.015415525801169375,-0.005901372672625534,0.0075266339312108285,-0.0005752323652141806
loco_log_variant,capacity_matched_deepsets,46,69,0.01369572545071065,0.0021599641936979647,0.007595087025876409,8.944335104256844e-05
loco_log_variant,gnn,42,69,0.012734804310889887,-0.0027799199696333294,0.006906548435088351,-0.0005732137311822427
loco_log_variant,gnn,43,69,0.011590533452850861,0.0021447451410653152,0.006542785638020451,0.00286233505696129
loco_log_variant,gnn,44,69,0.011241456232222634,0.00020738457079868817,0.0065659641983197795,0.003968495753206249
loco_log_variant,gnn,45,69,0.011946060149795443,0.005662344566519386,0.007416764682747653,0.005558520485520483
loco_log_variant,gnn,46,69,0.01395752530146822,0.0078816613725697,0.008286732089228288,0.007467970352578828
loco_log_variant,gnn_zero_edge_features,42,69,0.014751051709501316,-0.003552711249896042,0.007083460030802261,0.0015466737027638696
loco_log_variant,gnn_zero_edge_features,43,69,0.015092884023349894,-0.0029071066714148374,0.007275532706568101,-0.001709286504830587
loco_log_variant,gnn_zero_edge_features,44,69,0.014345420020011565,-0.002579677463644117,0.00698810807396356,0.0018507526123278733
loco_log_variant,gnn_zero_edge_features,45,69,0.012853524453627566,0.00635978780126712,0.00745948722341675,0.0033656547559005696
loco_log_variant,gnn_zero_edge_features,46,69,0.014280748278563977,-0.0006946882931515574,0.006711621418050371,0.0020030252682579413
loco_log_variant,gnn_mean,42,69,0.012248897204594012,-0.0017019700768498192,0.0066960580118202,-0.0012082341525412369
loco_log_variant,gnn_mean,43,69,0.010822174296228459,-0.0013245411564771464,0.006037278078113484,0.002049693977896123
loco_log_variant,gnn_mean,44,69,0.015535789293884907,-0.005482757050692495,0.007142425983554262,0.00469969336396469
loco_log_variant,gnn_mean,45,69,0.01314084637619933,-0.0027013831836022978,0.00579391501883015,0.0023990328781220128
loco_log_variant,gnn_mean,46,69,0.01117913101874022,0.005756208330622294,0.006125731471515989,0.001198838074151132
loco_external_fire,fire_only,42,49,0.013220191305997421,7.246130583237628e-05,0.011090258597618044,0.0006163819281218971
loco_external_fire,fire_only,43,49,0.013163708606544805,0.0017275533505848476,0.011093789012152314,0.0006668739705061457
loco_external_fire,fire_only,44,49,0.013259915064792243,0.0028590493056238914,0.011074130607097315,0.00016093465949400056
loco_external_fire,fire_only,45,49,0.013172199531477325,0.0021221649890043296,0.011087508661811846,-0.0006427756732418344
loco_external_fire,fire_only,46,49,0.014345085134311599,0.007262229311222933,0.011164780123298669,0.0018324290712674822
loco_external_fire,global_stats,42,49,0.009660416111654165,-0.0015058553948694346,0.008478081525385789,-0.0017376475036144142
loco_external_fire,global_stats,43,49,0.009479653774475565,-0.0004974922963551112,0.008272927348204203,0.001448938278418016
loco_external_fire,global_stats,44,49,0.009899022019639308,-0.003757640415308427,0.008343929543989867,-0.0011113326667117449
loco_external_fire,global_stats,45,49,0.010015240433264752,-0.0049515247953181366,0.00829660559744657,-0.002040765122795583
loco_external_fire,global_stats,46,49,0.009287047142885169,-0.0005293926414178343,0.008328051941127195,0.0004427359420426142
loco_external_fire,deepsets,42,49,0.008673832732803968,0.004353100547985155,0.008007102652269147,-0.00325840159642452
loco_external_fire,deepsets,43,49,0.007289128035915141,-1.0541507175990514e-05,0.006593686930176353,-0.0025251968073196165
loco_external_fire,deepsets,44,49,0.007758766412734985,-0.0020229859011513846,0.006582480319300472,-0.0013477343939193932
loco_external_fire,deepsets,45,49,0.00913898981347376,-0.005865876163755145,0.006879618125302449,-0.0025329353300487
loco_external_fire,deepsets,46,49,0.008268622111301032,-0.003219645242301785,0.007120033601919811,-0.002276878134936707
loco_external_fire,capacity_matched_deepsets,42,49,0.0070882971797670636,-0.002859710126507039,0.0063143563691247925,-0.003686806947296976
loco_external_fire,capacity_matched_deepsets,43,49,0.007404487656087292,-0.0006681920922532373,0.00560940360384327,-0.0013747465625709324
loco_external_fire,capacity_matched_deepsets,44,49,0.011096423681901425,-0.008630690830094474,0.0073322951971065455,-0.0038968710444208664
loco_external_fire,capacity_matched_deepsets,45,49,0.007362980927739825,0.0031266179011792553,0.006027234094787604,0.002094545785565778
loco_external_fire,capacity_matched_deepsets,46,49,0.008571904228658092,-0.005253948423327232,0.005936195871152845,-0.0016089813112198845
loco_external_fire,gnn,42,49,0.008346962381382378,-0.00613595788576165,0.006249055010424975,-0.0034262040414574924
loco_external_fire,gnn,43,49,0.0068757077869103875,-0.003050325476393408,0.006662706392151963,-0.0032073189003937958
loco_external_fire,gnn,44,49,0.00755385020557715,-0.004792291595011341,0.0064704119322859565,-0.0039788031329711215
loco_external_fire,gnn,45,49,0.007072360539922909,0.0009363117266674431,0.005964323700893483,-0.0016147755390527301
loco_external_fire,gnn,46,49,0.008089983037539892,-0.006970216729203049,0.006678268346352638,-0.004695094987547311
loco_external_fire,gnn_zero_edge_features,42,49,0.007296685965693727,-0.002843771357925571,0.007210757058798059,-0.00392188490906944
loco_external_fire,gnn_zero_edge_features,43,49,0.009047402715196416,-0.006167165174776194,0.006338905641923132,-0.0028080635406330283
loco_external_fire,gnn_zero_edge_features,44,49,0.0070661756457114705,-0.0012090291295732772,0.006221871630472397,-0.002063116755615282
loco_external_fire,gnn_zero_edge_features,45,49,0.008699539668706,-0.005030635364201604,0.006049159475836633,-0.0027760514926139955
loco_external_fire,gnn_zero_edge_features,46,49,0.006529215039039145,0.0009747761852887212,0.006111886281342735,0.002048501945069051
loco_external_fire,gnn_mean,42,49,0.007637656464868662,-0.004494937706966789,0.0067339665478184044,-0.00385782314705199
loco_external_fire,gnn_mean,43,49,0.0063766277566248055,-3.11160574153978e-05,0.005975525060883987,-0.0015683506267005786
loco_external_fire,gnn_mean,44,49,0.007249231241187271,-0.002440238485530931,0.004944790620990346,-0.001238315704525737
loco_external_fire,gnn_mean,45,49,0.007950794940092126,-0.004354569984942066,0.006991059890612439,-0.00484852081760256
loco_external_fire,gnn_mean,46,49,0.0089469491219034,-0.006654603140694755,0.006400702214565393,-0.004379584265201259
loco_bilinear,fire_only,42,77,0.11032976674569117,0.056994626467878166,0.030800946656759677,0.01776726220238518
loco_bilinear,fire_only,43,77,0.10175687529436954,0.05130150594881603,0.022273418175870988,0.00416401682494136
loco_bilinear,fire_only,44,77,0.10427551029564498,0.06271923014095851,0.02429923662246565,0.01406402304220252
loco_bilinear,fire_only,45,77,0.11401119344420248,0.06548063495716491,0.028158688504910052,0.017329012402595365
loco_bilinear,fire_only,46,77,0.07569973625532993,0.05869938849241703,0.02000192352590752,0.011880430954133539
loco_bilinear,global_stats,42,77,0.08573124809311582,0.060176392944602225,0.017682282672590255,0.00536685450268644
loco_bilinear,global_stats,43,77,0.0634651216013091,0.04347930219653365,0.015501095848843394,0.006698115390132764
loco_bilinear,global_stats,44,77,0.04854035706489117,0.004974015927934027,0.013709528021740199,-0.0018095536649356057
loco_bilinear,global_stats,45,77,0.11951793439976581,0.08398168930759678,0.02629099633077007,0.018814194400782715
loco_bilinear,global_stats,46,77,0.09768207516376075,0.0697322775210653,0.020763944106345824,0.011218500854165274
loco_bilinear,deepsets,42,77,0.10280812860696346,0.04474303136011223,0.016451306791887402,0.0036307206409640544
loco_bilinear,deepsets,43,77,0.12404148870861376,0.07998701533326855,0.02067322636918201,0.008770913744417888
loco_bilinear,deepsets,44,77,0.1015627986037886,0.07233726881541215,0.02013487181267439,0.010436917672103098
loco_bilinear,deepsets,45,77,0.09862469494729847,0.08180193651419182,0.020296068200075512,0.01576660713543752
loco_bilinear,deepsets,46,77,0.10772151354845468,0.08208614142684194,0.023606799792869265,0.01914614007941314
loco_bilinear,capacity_matched_deepsets,42,77,0.09612759802635613,0.0613443875661144,0.016249591832198367,0.0063091532855387225
loco_bilinear,capacity_matched_deepsets,43,77,0.09718278331028951,0.061564283808330435,0.01948509247352679,0.010668918500892284
loco_bilinear,capacity_matched_deepsets,44,77,0.11123346846986126,0.06788153143285157,0.021936186007123232,0.007689489989472935
loco_bilinear,capacity_matched_deepsets,45,77,0.1053933153872366,0.08467797112542313,0.020798047926293042,0.01129076836380736
loco_bilinear,capacity_matched_deepsets,46,77,0.12478975380782957,0.1146143933201765,0.032157754095763096,0.030166979563861947
loco_bilinear,gnn,42,77,0.11102231524207375,0.09734768604303336,0.025249104077617344,0.02066290723522762
loco_bilinear,gnn,43,77,0.10528438412523888,0.07641406395992675,0.0218403006932049,0.01655383968153299
loco_bilinear,gnn,44,77,0.10162221659700592,0.08490125283405378,0.02838450250058589,0.026152797944005157
loco_bilinear,gnn,45,77,0.10140586479917749,0.05936787770940112,0.019407601357796494,0.00753885400179144
loco_bilinear,gnn,46,77,0.07458293196055796,0.05576177415522662,0.016674029418303603,0.010717783920724927
loco_bilinear,gnn_zero_edge_features,42,77,0.13829127612052025,0.13162812280964542,0.03646102589091441,0.03487526172070536
loco_bilinear,gnn_zero_edge_features,43,77,0.12389590610544403,0.10092767966645104,0.03339025253002648,0.02934336182923414
loco_bilinear,gnn_zero_edge_features,44,77,0.08866009841878693,0.05629722899817801,0.021324362883997448,0.015049773394190662
loco_bilinear,gnn_zero_edge_features,45,77,0.11753230745142157,0.07686627027276274,0.026795941705763084,0.018034000251264788
loco_bilinear,gnn_zero_edge_features,46,77,0.07191577611805557,0.033662316280526,0.016185859963297865,0.007880501921623295
loco_bilinear,gnn_mean,42,77,0.13797096288823463,0.13143487468168333,0.04045485075869602,0.04007481440127671
loco_bilinear,gnn_mean,43,77,0.11990271266791727,0.09581475027582863,0.020725287541392315,0.01290625893627798
loco_bilinear,gnn_mean,44,77,0.11316429630115435,0.07748115285263434,0.024425449885944018,0.016744501407367066
loco_bilinear,gnn_mean,45,77,0.11696114671694768,0.08768911175913625,0.021182470565492457,0.014650372064216825
loco_bilinear,gnn_mean,46,77,0.10541119716771237,0.08636361176704431,0.019531377007402654,0.01267377826993987
loco_linear,fire_only,42,125,0.12482546663284302,0.12104759621620179,0.04739418755769733,0.047271632426977184
loco_linear,fire_only,43,125,0.04592502498626709,0.032739134550094605,0.026558543644348755,0.02633831160465874
loco_linear,fire_only,44,125,0.0437731426358223,0.032862767040729525,0.02123296621491514,0.021028201594452088
loco_linear,fire_only,45,125,0.10457958120107651,0.09253198212385177,0.04463266292760772,0.04444135376363995
loco_linear,fire_only,46,125,0.0761411612033844,0.07391030383110046,0.0403167029192051,0.040187747457623546
loco_linear,global_stats,42,125,0.03247984313964844,0.01006782305240631,0.015093657786647459,0.014172016849120454
loco_linear,global_stats,43,125,0.09172933512926101,0.09159498292207718,0.03950170179059108,0.039469002252320445
loco_linear,global_stats,44,125,0.051748708724975584,0.05110597252845764,0.029221911866466187,0.02912158537606397
loco_linear,global_stats,45,125,0.051480867445468904,0.05114069277048111,0.030156799970567204,0.03012249022573231
loco_linear,global_stats,46,125,0.04670065021514892,0.04417553663253784,0.028324387698372186,0.028252955153584457
loco_linear,deepsets,42,125,0.07870647895336151,0.07718426835536957,0.04065626304248968,0.040483139894405995
loco_linear,deepsets,43,125,0.08000415337085724,0.08000415337085724,0.037412907471259416,0.0373211789548397
loco_linear,deepsets,44,125,0.03800427639484406,0.03585259759426117,0.01841575490534305,0.018186496676007906
loco_linear,deepsets,45,125,0.05446186512708664,0.05408717077970505,0.032873199105759456,0.032733233775198455
loco_linear,deepsets,46,125,0.08144414603710175,0.07982086873054504,0.04488304656147957,0.044811457121372224
loco_linear,capacity_matched_deepsets,42,125,0.039360879719257356,0.038583687603473665,0.019888156847655762,0.019709300108253947
loco_linear,capacity_matched_deepsets,43,125,0.06151643973588943,0.06136250990629196,0.03720449277609586,0.037122182995577645
loco_linear,capacity_matched_deepsets,44,125,0.0387886957526207,0.03772053521871567,0.021642005674540978,0.021406013049185265
loco_linear,capacity_matched_deepsets,45,125,0.036843105733394624,0.03267590945959091,0.01530907210359969,0.01502330088267722
loco_linear,capacity_matched_deepsets,46,125,0.021838046550750733,0.016320587158203125,0.014044180913766208,0.013380923670530311
loco_linear,gnn,42,125,0.024248854011297227,0.016459633320569992,0.016590498965233576,0.01628705484097203
loco_linear,gnn,43,125,0.0266821528673172,0.021038349032402037,0.017330345214406656,0.016697420433163645
loco_linear,gnn,44,125,0.0355265052318573,0.03408155846595764,0.02167585057914257,0.02144025800824165
loco_linear,gnn,45,125,0.049077369153499605,0.02997263616323471,0.03252924493998289,0.03216895808031161
loco_linear,gnn,46,125,0.029171652138233185,0.019690284311771392,0.01770268280853827,0.017339478875696653
loco_linear,gnn_zero_edge_features,42,125,0.02827509534358978,0.020348225116729738,0.015861579334735865,0.015546394324302668
loco_linear,gnn_zero_edge_features,43,125,0.032760441839694975,0.016767644703388214,0.01797079236060381,0.017336377593378232
loco_linear,gnn_zero_edge_features,44,125,0.029446985840797423,0.02422460424900055,0.018505909784634914,0.018284303353230162
loco_linear,gnn_zero_edge_features,45,125,0.050505849957466126,0.04689253389835358,0.026950009272495894,0.02677079682747522
loco_linear,gnn_zero_edge_features,46,125,0.041919697791337966,0.03934244242310524,0.027729001043488574,0.027479602381835375
loco_linear,gnn_mean,42,125,0.023920894533395767,0.008879711300134659,0.01936488619918624,0.019146430239826432
loco_linear,gnn_mean,43,125,0.026726691395044327,0.007683254510164261,0.014328248314807808,0.012912522761275372
loco_linear,gnn_mean,44,125,0.036214577615261076,0.03530719131231308,0.02226242589702208,0.022051957184573007
loco_linear,gnn_mean,45,125,0.07933814430236816,0.07914172554016113,0.04128565990130106,0.04120492494702339
loco_linear,gnn_mean,46,125,0.03773229694366455,0.03372317314147949,0.021356176167726504,0.021064332170287754
loco_smoldering,fire_only,42,97,0.07564493737269923,-0.07564493737269923,0.009650633665909066,-0.009650633665909066
loco_smoldering,fire_only,43,97,0.023489720428112856,-0.023489720428112856,0.005793262506063861,-0.005793262506063861
loco_smoldering,fire_only,44,97,0.031091602807192458,-0.031091602807192458,0.0065644396385786076,-0.0065644396385786076
loco_smoldering,fire_only,45,97,0.043975458317196243,-0.043975458317196243,0.007200098565149141,-0.007200098565149141
loco_smoldering,fire_only,46,97,0.031423212941159906,-0.031423212941159906,0.005840951168455203,-0.005840951168455203
loco_smoldering,global_stats,42,97,0.08403638404669221,-0.08403638404669221,0.014642627793284213,-0.014642627793284213
loco_smoldering,global_stats,43,97,0.0457422161839672,-0.0457422161839672,0.009173161139602917,-0.009173161139602917
loco_smoldering,global_stats,44,97,0.03992102563995676,-0.03992102563995676,0.008075809560690555,-0.008075809560690555
loco_smoldering,global_stats,45,97,0.058898202537261336,-0.058898202537261336,0.011685020683966957,-0.011685020683966957
loco_smoldering,global_stats,46,97,0.048724622456068845,-0.048724622456068845,0.008545731811998622,-0.008545731811998622
loco_smoldering,deepsets,42,97,0.041687345996345444,-0.041687345996345444,0.008522836633564273,-0.008522836633564273
loco_smoldering,deepsets,43,97,0.06003259383526045,-0.06003259383526045,0.011693089345271643,-0.011693089345271643
loco_smoldering,deepsets,44,97,0.03860281668987471,-0.03860281668987471,0.007804186483429046,-0.007804186483429046
loco_smoldering,deepsets,45,97,0.05176878405600479,-0.05176878405600479,0.010064940446430862,-0.010064940446430862
loco_smoldering,deepsets,46,97,0.06701444350567061,-0.06701444350567061,0.01190110050218624,-0.01190110050218624
loco_smoldering,capacity_matched_deepsets,42,97,0.04033372451349632,-0.04033372451349632,0.007724740491904751,-0.007724740491904751
loco_smoldering,capacity_matched_deepsets,43,97,0.08193668815278515,-0.08193668815278515,0.015122680765451839,-0.015122680765451839
loco_smoldering,capacity_matched_deepsets,44,97,0.058091918217767144,-0.058091918217767144,0.010806878377072188,-0.010806878377072188
loco_smoldering,capacity_matched_deepsets,45,97,0.048140192154756525,-0.048140192154756525,0.010036620507944898,-0.010036620507944898
loco_smoldering,capacity_matched_deepsets,46,97,0.08651128134776637,-0.08651128134776637,0.015064723016470168,-0.015064723016470168
loco_smoldering,gnn,42,97,0.06318396329879761,-0.06318396329879761,0.011526978896655573,-0.011526978896655573
loco_smoldering,gnn,43,97,0.06572263511185794,-0.06572263511185794,0.011730454544635987,-0.011730454544635987
loco_smoldering,gnn,44,97,0.06204703112238461,-0.06204703112238461,0.00992247888312717,-0.00992247888312717
loco_smoldering,gnn,45,97,0.08069287686003852,-0.08069287686003852,0.012978028057981605,-0.012978028057981605
loco_smoldering,gnn,46,97,0.051005146552606954,-0.051005146552606954,0.010007405875065068,-0.010007405875065068
loco_smoldering,gnn_zero_edge_features,42,97,0.06633854403938215,-0.06633854403938215,0.011625924788389818,-0.011625924788389818
loco_smoldering,gnn_zero_edge_features,43,97,0.07263344710635156,-0.07263344710635156,0.013320674877805801,-0.013320674877805801
loco_smoldering,gnn_zero_edge_features,44,97,0.0663916382592978,-0.0663916382592978,0.01334792078053419,-0.01334792078053419
loco_smoldering,gnn_zero_edge_features,45,97,0.06488327574484128,-0.06488327574484128,0.011021142383826139,-0.011021142383826139
loco_smoldering,gnn_zero_edge_features,46,97,0.06061167876745008,-0.06061167876745008,0.010553638718996668,-0.010553638718996668
loco_smoldering,gnn_mean,42,97,0.08571785258263656,-0.08571785258263656,0.013951866282630229,-0.013951866282630229
loco_smoldering,gnn_mean,43,97,0.07836637484658625,-0.07836637484658625,0.013164737482660824,-0.013164737482660824
loco_smoldering,gnn_mean,44,97,0.05424338271937419,-0.05424338271937419,0.009448039229587982,-0.009448039229587982
loco_smoldering,gnn_mean,45,97,0.06503571062972865,-0.06503571062972865,0.010976395656153099,-0.010976395656153099
loco_smoldering,gnn_mean,46,97,0.06916035020474307,-0.06916035020474307,0.012861644105403289,-0.012861644105403289
