protocol,model,threshold,test_geometries,seeds,reference_events,reference_censored,max_false_negative_over_seeds,max_false_positive_over_seeds,min_both_event_count_over_seeds,min_both_event_reference_event_fraction_over_seeds,seed_extrema_can_come_from_different_checkpoints,false_negative_mean_over_all5_seeds,false_negative_defined_seed_count,false_positive_mean_over_all5_seeds,false_positive_defined_seed_count,both_event_count_mean_over_all5_seeds,both_event_count_defined_seed_count,recall_mean_over_all5_seeds,recall_defined_seed_count,false_positive_rate_mean_over_all5_seeds,false_positive_rate_defined_seed_count,balanced_accuracy_mean_over_all5_seeds,balanced_accuracy_defined_seed_count,conditional_timing_MAE_s_mean_over_all5_seeds,conditional_timing_MAE_s_defined_seed_count,conditional_timing_bias_s_mean_over_all5_seeds,conditional_timing_bias_s_defined_seed_count
iid997,fire_only,0.8,160,5,144,16,0,0,144,1.0,True,0.0,5,0.0,5,144.0,5,1.0,5,0.0,5,1.0,5,11.666666666666668,5,-8.833333333333332,5
iid997,fire_only,0.6,160,5,141,19,0,0,141,1.0,True,0.0,5,0.0,5,141.0,5,1.0,5,0.0,5,1.0,5,54.042553191489354,5,-5.531914893617022,5
iid997,global_stats,0.8,160,5,144,16,0,0,144,1.0,True,0.0,5,0.0,5,144.0,5,1.0,5,0.0,5,1.0,5,10.499999999999998,5,-2.833333333333333,5
iid997,global_stats,0.6,160,5,141,19,0,0,141,1.0,True,0.0,5,0.0,5,141.0,5,1.0,5,0.0,5,1.0,5,31.65957446808511,5,-4.765957446808511,5
iid997,deepsets,0.8,160,5,144,16,0,0,144,1.0,True,0.0,5,0.0,5,144.0,5,1.0,5,0.0,5,1.0,5,11.833333333333334,5,-3.0,5
iid997,deepsets,0.6,160,5,141,19,0,0,141,1.0,True,0.0,5,0.0,5,141.0,5,1.0,5,0.0,5,1.0,5,27.404255319148934,5,-3.2340425531914887,5
iid997,capacity_matched_deepsets,0.8,160,5,144,16,0,0,144,1.0,True,0.0,5,0.0,5,144.0,5,1.0,5,0.0,5,1.0,5,12.0,5,-2.3333333333333335,5
iid997,capacity_matched_deepsets,0.6,160,5,141,19,0,0,141,1.0,True,0.0,5,0.0,5,141.0,5,1.0,5,0.0,5,1.0,5,27.319148936170212,5,-3.3191489361702127,5
iid997,gnn,0.8,160,5,144,16,0,0,144,1.0,True,0.0,5,0.0,5,144.0,5,1.0,5,0.0,5,1.0,5,13.25,5,-2.416666666666667,5
iid997,gnn,0.6,160,5,141,19,0,0,141,1.0,True,0.0,5,0.0,5,141.0,5,1.0,5,0.0,5,1.0,5,27.14893617021276,5,-5.531914893617022,5
iid997,gnn_zero_edge_features,0.8,160,5,144,16,0,0,144,1.0,True,0.0,5,0.0,5,144.0,5,1.0,5,0.0,5,1.0,5,11.833333333333332,5,-2.5,5
iid997,gnn_zero_edge_features,0.6,160,5,141,19,0,0,141,1.0,True,0.0,5,0.0,5,141.0,5,1.0,5,0.0,5,1.0,5,25.872340425531917,5,-1.021276595744681,5
iid997,gnn_mean,0.8,160,5,144,16,0,0,144,1.0,True,0.0,5,0.0,5,144.0,5,1.0,5,0.0,5,1.0,5,12.916666666666668,5,-3.4166666666666665,5
iid997,gnn_mean,0.6,160,5,141,19,0,0,141,1.0,True,0.0,5,0.0,5,141.0,5,1.0,5,0.0,5,1.0,5,26.297872340425535,5,-4.51063829787234,5
lcro_9_15,fire_only,0.8,264,5,226,38,0,0,226,1.0,True,0.0,5,0.0,5,226.0,5,1.0,5,0.0,5,1.0,5,31.85840707964602,5,-28.460176991150444,5
lcro_9_15,fire_only,0.6,264,5,219,45,3,0,216,0.9863013698630136,True,3.0,5,0.0,5,216.0,5,0.9863013698630138,5,0.0,5,0.9931506849315068,5,96.1111111111111,5,96.1111111111111,5
lcro_9_15,global_stats,0.8,264,5,226,38,0,0,226,1.0,True,0.0,5,0.0,5,226.0,5,1.0,5,0.0,5,1.0,5,31.805309734513276,5,-23.946902654867255,5
lcro_9_15,global_stats,0.6,264,5,219,45,3,0,216,0.9863013698630136,True,1.2,5,0.0,5,217.8,5,0.9945205479452055,5,0.0,5,0.9972602739726029,5,55.19634703196347,5,41.35159817351599,5
lcro_9_15,deepsets,0.8,264,5,226,38,1,0,225,0.995575221238938,True,0.2,5,0.0,5,225.8,5,0.9991150442477876,5,0.0,5,0.9995575221238937,5,33.96247787610619,5,-22.05356932153392,5
lcro_9_15,deepsets,0.6,264,5,219,45,3,0,216,0.9863013698630136,True,1.4,5,0.0,5,217.6,5,0.993607305936073,5,0.0,5,0.9968036529680365,5,44.84546101964727,5,22.316967589683436,5
lcro_9_15,capacity_matched_deepsets,0.8,264,5,226,38,0,0,226,1.0,True,0.0,5,0.0,5,226.0,5,1.0,5,0.0,5,1.0,5,32.230088495575224,5,-23.84070796460177,5
lcro_9_15,capacity_matched_deepsets,0.6,264,5,219,45,1,0,218,0.9954337899543378,True,0.2,5,0.0,5,218.8,5,0.9990867579908675,5,0.0,5,0.9995433789954337,5,35.10242553726279,5,9.44954128440367,5
lcro_9_15,gnn,0.8,264,5,226,38,0,0,226,1.0,True,0.0,5,0.0,5,226.0,5,1.0,5,0.0,5,1.0,5,32.65486725663717,5,-25.433628318584073,5
lcro_9_15,gnn,0.6,264,5,219,45,1,0,218,0.9954337899543378,True,0.2,5,0.0,5,218.8,5,0.9990867579908675,5,0.0,5,0.9995433789954337,5,32.08269448284529,5,14.968706799044867,5
lcro_9_15,gnn_zero_edge_features,0.8,264,5,226,38,1,0,225,0.995575221238938,True,0.2,5,0.0,5,225.8,5,0.9991150442477876,5,0.0,5,0.9995575221238937,5,33.056755162241885,5,-24.0212389380531,5
lcro_9_15,gnn_zero_edge_features,0.6,264,5,219,45,1,0,218,0.9954337899543378,True,0.2,5,0.0,5,218.8,5,0.9990867579908675,5,0.0,5,0.9995433789954337,5,33.83863265049642,5,18.479075028276988,5
lcro_9_15,gnn_mean,0.8,264,5,226,38,0,0,226,1.0,True,0.0,5,0.0,5,226.0,5,1.0,5,0.0,5,1.0,5,31.91150442477876,5,-25.53982300884956,5
lcro_9_15,gnn_mean,0.6,264,5,219,45,1,0,218,0.9954337899543378,True,0.2,5,0.0,5,218.8,5,0.9990867579908675,5,0.0,5,0.9995433789954337,5,32.14477818273219,5,16.026140505215533,5
loco_iso834,fire_only,0.8,158,5,158,0,0,0,158,1.0,True,0.0,5,0.0,5,158.0,5,1.0,5,NA,0,NA,0,6.075949367088608,5,-6.075949367088608,5
loco_iso834,fire_only,0.6,158,5,158,0,0,0,158,1.0,True,0.0,5,0.0,5,158.0,5,1.0,5,NA,0,NA,0,44.43037974683544,5,-4.177215189873418,5
loco_iso834,global_stats,0.8,158,5,158,0,0,0,158,1.0,True,0.0,5,0.0,5,158.0,5,1.0,5,NA,0,NA,0,3.7974683544303796,5,0.0,5
loco_iso834,global_stats,0.6,158,5,158,0,0,0,158,1.0,True,0.0,5,0.0,5,158.0,5,1.0,5,NA,0,NA,0,28.253164556962027,5,-0.9113924050632912,5
loco_iso834,deepsets,0.8,158,5,158,0,0,0,158,1.0,True,0.0,5,0.0,5,158.0,5,1.0,5,NA,0,NA,0,4.253164556962025,5,0.0,5
loco_iso834,deepsets,0.6,158,5,158,0,0,0,158,1.0,True,0.0,5,0.0,5,158.0,5,1.0,5,NA,0,NA,0,23.31645569620253,5,-4.481012658227849,5
loco_iso834,capacity_matched_deepsets,0.8,158,5,158,0,0,0,158,1.0,True,0.0,5,0.0,5,158.0,5,1.0,5,NA,0,NA,0,4.405063291139241,5,-0.4556962025316456,5
loco_iso834,capacity_matched_deepsets,0.6,158,5,158,0,0,0,158,1.0,True,0.0,5,0.0,5,158.0,5,1.0,5,NA,0,NA,0,22.70886075949367,5,-4.632911392405063,5
loco_iso834,gnn,0.8,158,5,158,0,0,0,158,1.0,True,0.0,5,0.0,5,158.0,5,1.0,5,NA,0,NA,0,4.10126582278481,5,-0.4556962025316456,5
loco_iso834,gnn,0.6,158,5,158,0,0,0,158,1.0,True,0.0,5,0.0,5,158.0,5,1.0,5,NA,0,NA,0,23.240506329113924,5,-5.468354430379747,5
loco_iso834,gnn_zero_edge_features,0.8,158,5,158,0,0,0,158,1.0,True,0.0,5,0.0,5,158.0,5,1.0,5,NA,0,NA,0,4.481012658227848,5,-0.0759493670886076,5
loco_iso834,gnn_zero_edge_features,0.6,158,5,158,0,0,0,158,1.0,True,0.0,5,0.0,5,158.0,5,1.0,5,NA,0,NA,0,23.16455696202532,5,-2.2025316455696204,5
loco_iso834,gnn_mean,0.8,158,5,158,0,0,0,158,1.0,True,0.0,5,0.0,5,158.0,5,1.0,5,NA,0,NA,0,4.481012658227849,5,-0.07594936708860756,5
loco_iso834,gnn_mean,0.6,158,5,158,0,0,0,158,1.0,True,0.0,5,0.0,5,158.0,5,1.0,5,NA,0,NA,0,23.544303797468352,5,-2.8860759493670884,5
loco_astm_e119,fire_only,0.8,95,5,95,0,0,0,95,1.0,True,0.0,5,0.0,5,95.0,5,1.0,5,NA,0,NA,0,8.842105263157896,5,-8.842105263157896,5
loco_astm_e119,fire_only,0.6,95,5,95,0,0,0,95,1.0,True,0.0,5,0.0,5,95.0,5,1.0,5,NA,0,NA,0,47.36842105263158,5,5.684210526315789,5
loco_astm_e119,global_stats,0.8,95,5,95,0,0,0,95,1.0,True,0.0,5,0.0,5,95.0,5,1.0,5,NA,0,NA,0,15.157894736842106,5,10.105263157894736,5
loco_astm_e119,global_stats,0.6,95,5,95,0,0,0,95,1.0,True,0.0,5,0.0,5,95.0,5,1.0,5,NA,0,NA,0,30.568421052631578,5,0.25263157894736843,5
loco_astm_e119,deepsets,0.8,95,5,95,0,0,0,95,1.0,True,0.0,5,0.0,5,95.0,5,1.0,5,NA,0,NA,0,12.505263157894737,5,8.463157894736842,5
loco_astm_e119,deepsets,0.6,95,5,95,0,0,0,95,1.0,True,0.0,5,0.0,5,95.0,5,1.0,5,NA,0,NA,0,22.484210526315785,5,0.7578947368421052,5
loco_astm_e119,capacity_matched_deepsets,0.8,95,5,95,0,0,0,95,1.0,True,0.0,5,0.0,5,95.0,5,1.0,5,NA,0,NA,0,12.505263157894737,5,7.705263157894736,5
loco_astm_e119,capacity_matched_deepsets,0.6,95,5,95,0,0,0,95,1.0,True,0.0,5,0.0,5,95.0,5,1.0,5,NA,0,NA,0,22.736842105263158,5,-4.8,5
loco_astm_e119,gnn,0.8,95,5,95,0,0,0,95,1.0,True,0.0,5,0.0,5,95.0,5,1.0,5,NA,0,NA,0,14.273684210526318,5,10.231578947368423,5
loco_astm_e119,gnn,0.6,95,5,95,0,0,0,95,1.0,True,0.0,5,0.0,5,95.0,5,1.0,5,NA,0,NA,0,19.2,5,0.7578947368421053,5
loco_astm_e119,gnn_zero_edge_features,0.8,95,5,95,0,0,0,95,1.0,True,0.0,5,0.0,5,95.0,5,1.0,5,NA,0,NA,0,12.884210526315789,5,9.6,5
loco_astm_e119,gnn_zero_edge_features,0.6,95,5,95,0,0,0,95,1.0,True,0.0,5,0.0,5,95.0,5,1.0,5,NA,0,NA,0,23.747368421052634,5,1.7684210526315787,5
loco_astm_e119,gnn_mean,0.8,95,5,95,0,0,0,95,1.0,True,0.0,5,0.0,5,95.0,5,1.0,5,NA,0,NA,0,12.505263157894737,5,8.96842105263158,5
loco_astm_e119,gnn_mean,0.6,95,5,95,0,0,0,95,1.0,True,0.0,5,0.0,5,95.0,5,1.0,5,NA,0,NA,0,19.45263157894737,5,-0.2526315789473683,5
loco_perturbed_iso,fire_only,0.8,111,5,111,0,0,0,111,1.0,True,0.0,5,0.0,5,111.0,5,1.0,5,NA,0,NA,0,10.81081081081081,5,-10.81081081081081,5
loco_perturbed_iso,fire_only,0.6,111,5,111,0,0,0,111,1.0,True,0.0,5,0.0,5,111.0,5,1.0,5,NA,0,NA,0,44.75675675675676,5,-11.459459459459461,5
loco_perturbed_iso,global_stats,0.8,111,5,111,0,0,0,111,1.0,True,0.0,5,0.0,5,111.0,5,1.0,5,NA,0,NA,0,9.72972972972973,5,-9.72972972972973,5
loco_perturbed_iso,global_stats,0.6,111,5,111,0,0,0,111,1.0,True,0.0,5,0.0,5,111.0,5,1.0,5,NA,0,NA,0,21.83783783783784,5,8.216216216216216,5
loco_perturbed_iso,deepsets,0.8,111,5,111,0,0,0,111,1.0,True,0.0,5,0.0,5,111.0,5,1.0,5,NA,0,NA,0,10.162162162162161,5,-10.162162162162161,5
loco_perturbed_iso,deepsets,0.6,111,5,111,0,0,0,111,1.0,True,0.0,5,0.0,5,111.0,5,1.0,5,NA,0,NA,0,16.43243243243243,5,1.0810810810810811,5
loco_perturbed_iso,capacity_matched_deepsets,0.8,111,5,111,0,0,0,111,1.0,True,0.0,5,0.0,5,111.0,5,1.0,5,NA,0,NA,0,10.81081081081081,5,-10.81081081081081,5
loco_perturbed_iso,capacity_matched_deepsets,0.6,111,5,111,0,0,0,111,1.0,True,0.0,5,0.0,5,111.0,5,1.0,5,NA,0,NA,0,20.108108108108105,5,1.5135135135135136,5
loco_perturbed_iso,gnn,0.8,111,5,111,0,0,0,111,1.0,True,0.0,5,0.0,5,111.0,5,1.0,5,NA,0,NA,0,10.27027027027027,5,-10.27027027027027,5
loco_perturbed_iso,gnn,0.6,111,5,111,0,0,0,111,1.0,True,0.0,5,0.0,5,111.0,5,1.0,5,NA,0,NA,0,19.45945945945946,5,3.2432432432432434,5
loco_perturbed_iso,gnn_zero_edge_features,0.8,111,5,111,0,0,0,111,1.0,True,0.0,5,0.0,5,111.0,5,1.0,5,NA,0,NA,0,10.91891891891892,5,-10.91891891891892,5
loco_perturbed_iso,gnn_zero_edge_features,0.6,111,5,111,0,0,0,111,1.0,True,0.0,5,0.0,5,111.0,5,1.0,5,NA,0,NA,0,18.81081081081081,5,6.918918918918919,5
loco_perturbed_iso,gnn_mean,0.8,111,5,111,0,0,0,111,1.0,True,0.0,5,0.0,5,111.0,5,1.0,5,NA,0,NA,0,9.945945945945946,5,-9.945945945945946,5
loco_perturbed_iso,gnn_mean,0.6,111,5,111,0,0,0,111,1.0,True,0.0,5,0.0,5,111.0,5,1.0,5,NA,0,NA,0,18.16216216216216,5,6.0540540540540535,5
loco_plateau,fire_only,0.8,103,5,103,0,0,0,103,1.0,True,0.0,5,0.0,5,103.0,5,1.0,5,NA,0,NA,0,9.902912621359222,5,-9.902912621359222,5
loco_plateau,fire_only,0.6,103,5,103,0,0,0,103,1.0,True,0.0,5,0.0,5,103.0,5,1.0,5,NA,0,NA,0,40.77669902912621,5,8.155339805825243,5
loco_plateau,global_stats,0.8,103,5,103,0,0,0,103,1.0,True,0.0,5,0.0,5,103.0,5,1.0,5,NA,0,NA,0,6.990291262135922,5,-2.3300970873786406,5
loco_plateau,global_stats,0.6,103,5,103,0,0,0,103,1.0,True,0.0,5,0.0,5,103.0,5,1.0,5,NA,0,NA,0,28.19417475728155,5,8.62135922330097,5
loco_plateau,deepsets,0.8,103,5,103,0,0,0,103,1.0,True,0.0,5,0.0,5,103.0,5,1.0,5,NA,0,NA,0,6.640776699029127,5,-2.4466019417475726,5
loco_plateau,deepsets,0.6,103,5,103,0,0,0,103,1.0,True,0.0,5,0.0,5,103.0,5,1.0,5,NA,0,NA,0,24.582524271844658,5,2.4466019417475726,5
loco_plateau,capacity_matched_deepsets,0.8,103,5,103,0,0,0,103,1.0,True,0.0,5,0.0,5,103.0,5,1.0,5,NA,0,NA,0,7.223300970873787,5,-2.0970873786407767,5
loco_plateau,capacity_matched_deepsets,0.6,103,5,103,0,0,0,103,1.0,True,0.0,5,0.0,5,103.0,5,1.0,5,NA,0,NA,0,24.116504854368934,5,2.9126213592233006,5
loco_plateau,gnn,0.8,103,5,103,0,0,0,103,1.0,True,0.0,5,0.0,5,103.0,5,1.0,5,NA,0,NA,0,8.388349514563107,5,-1.1650485436893203,5
loco_plateau,gnn,0.6,103,5,103,0,0,0,103,1.0,True,0.0,5,0.0,5,103.0,5,1.0,5,NA,0,NA,0,23.533980582524272,5,5.592233009708737,5
loco_plateau,gnn_zero_edge_features,0.8,103,5,103,0,0,0,103,1.0,True,0.0,5,0.0,5,103.0,5,1.0,5,NA,0,NA,0,7.223300970873787,5,-2.5631067961165046,5
loco_plateau,gnn_zero_edge_features,0.6,103,5,103,0,0,0,103,1.0,True,0.0,5,0.0,5,103.0,5,1.0,5,NA,0,NA,0,24.815533980582522,5,5.941747572815535,5
loco_plateau,gnn_mean,0.8,103,5,103,0,0,0,103,1.0,True,0.0,5,0.0,5,103.0,5,1.0,5,NA,0,NA,0,7.572815533980583,5,-1.7475728155339805,5
loco_plateau,gnn_mean,0.6,103,5,103,0,0,0,103,1.0,True,0.0,5,0.0,5,103.0,5,1.0,5,NA,0,NA,0,19.922330097087375,5,1.7475728155339803,5
loco_decay,fire_only,0.8,113,5,113,0,0,0,113,1.0,True,0.0,5,0.0,5,113.0,5,1.0,5,NA,0,NA,0,17.52212389380531,5,-17.52212389380531,5
loco_decay,fire_only,0.6,113,5,113,0,0,0,113,1.0,True,0.0,5,0.0,5,113.0,5,1.0,5,NA,0,NA,0,48.849557522123895,5,12.743362831858407,5
loco_decay,global_stats,0.8,113,5,113,0,0,0,113,1.0,True,0.0,5,0.0,5,113.0,5,1.0,5,NA,0,NA,0,9.76991150442478,5,-3.8230088495575223,5
loco_decay,global_stats,0.6,113,5,113,0,0,0,113,1.0,True,0.0,5,0.0,5,113.0,5,1.0,5,NA,0,NA,0,27.292035398230087,5,3.929203539823009,5
loco_decay,deepsets,0.8,113,5,113,0,0,0,113,1.0,True,0.0,5,0.0,5,113.0,5,1.0,5,NA,0,NA,0,11.893805309734514,5,-7.433628318584072,5
loco_decay,deepsets,0.6,113,5,113,0,0,0,113,1.0,True,0.0,5,0.0,5,113.0,5,1.0,5,NA,0,NA,0,22.51327433628319,5,-1.4867256637168142,5
loco_decay,capacity_matched_deepsets,0.8,113,5,113,0,0,0,113,1.0,True,0.0,5,0.0,5,113.0,5,1.0,5,NA,0,NA,0,11.36283185840708,5,-6.265486725663717,5
loco_decay,capacity_matched_deepsets,0.6,113,5,113,0,0,0,113,1.0,True,0.0,5,0.0,5,113.0,5,1.0,5,NA,0,NA,0,23.044247787610622,5,-3.929203539823009,5
loco_decay,gnn,0.8,113,5,113,0,0,0,113,1.0,True,0.0,5,0.0,5,113.0,5,1.0,5,NA,0,NA,0,12.212389380530974,5,-7.115044247787611,5
loco_decay,gnn,0.6,113,5,113,0,0,0,113,1.0,True,0.0,5,0.0,5,113.0,5,1.0,5,NA,0,NA,0,20.601769911504427,5,-3.1858407079646023,5
loco_decay,gnn_zero_edge_features,0.8,113,5,113,0,0,0,113,1.0,True,0.0,5,0.0,5,113.0,5,1.0,5,NA,0,NA,0,10.194690265486726,5,-4.247787610619469,5
loco_decay,gnn_zero_edge_features,0.6,113,5,113,0,0,0,113,1.0,True,0.0,5,0.0,5,113.0,5,1.0,5,NA,0,NA,0,22.300884955752213,5,-4.88495575221239,5
loco_decay,gnn_mean,0.8,113,5,113,0,0,0,113,1.0,True,0.0,5,0.0,5,113.0,5,1.0,5,NA,0,NA,0,11.044247787610619,5,-7.433628318584072,5
loco_decay,gnn_mean,0.6,113,5,113,0,0,0,113,1.0,True,0.0,5,0.0,5,113.0,5,1.0,5,NA,0,NA,0,20.8141592920354,5,-0.21238938053097342,5
loco_log_variant,fire_only,0.8,69,5,69,0,0,0,69,1.0,True,0.0,5,0.0,5,69.0,5,1.0,5,NA,0,NA,0,9.91304347826087,5,-3.652173913043478,5
loco_log_variant,fire_only,0.6,69,5,69,0,0,0,69,1.0,True,0.0,5,0.0,5,69.0,5,1.0,5,NA,0,NA,0,95.82608695652172,5,53.391304347826086,5
loco_log_variant,global_stats,0.8,69,5,69,0,0,0,69,1.0,True,0.0,5,0.0,5,69.0,5,1.0,5,NA,0,NA,0,20.17391304347826,5,-8.347826086956522,5
loco_log_variant,global_stats,0.6,69,5,69,0,0,0,69,1.0,True,0.0,5,0.0,5,69.0,5,1.0,5,NA,0,NA,0,75.30434782608695,5,43.65217391304348,5
loco_log_variant,deepsets,0.8,69,5,69,0,0,0,69,1.0,True,0.0,5,0.0,5,69.0,5,1.0,5,NA,0,NA,0,28.52173913043478,5,-14.608695652173912,5
loco_log_variant,deepsets,0.6,69,5,69,0,0,0,69,1.0,True,0.0,5,0.0,5,69.0,5,1.0,5,NA,0,NA,0,53.04347826086956,5,3.9999999999999987,5
loco_log_variant,capacity_matched_deepsets,0.8,69,5,69,0,0,0,69,1.0,True,0.0,5,0.0,5,69.0,5,1.0,5,NA,0,NA,0,26.608695652173914,5,-14.08695652173913,5
loco_log_variant,capacity_matched_deepsets,0.6,69,5,69,0,0,0,69,1.0,True,0.0,5,0.0,5,69.0,5,1.0,5,NA,0,NA,0,57.391304347826086,5,11.478260869565215,5
loco_log_variant,gnn,0.8,69,5,69,0,0,0,69,1.0,True,0.0,5,0.0,5,69.0,5,1.0,5,NA,0,NA,0,29.04347826086957,5,-12.0,5
loco_log_variant,gnn,0.6,69,5,69,0,0,0,69,1.0,True,0.0,5,0.0,5,69.0,5,1.0,5,NA,0,NA,0,52.86956521739131,5,13.913043478260866,5
loco_log_variant,gnn_zero_edge_features,0.8,69,5,69,0,0,0,69,1.0,True,0.0,5,0.0,5,69.0,5,1.0,5,NA,0,NA,0,26.782608695652176,5,-18.086956521739133,5
loco_log_variant,gnn_zero_edge_features,0.6,69,5,69,0,0,0,69,1.0,True,0.0,5,0.0,5,69.0,5,1.0,5,NA,0,NA,0,46.95652173913044,5,-9.739130434782608,5
loco_log_variant,gnn_mean,0.8,69,5,69,0,0,0,69,1.0,True,0.0,5,0.0,5,69.0,5,1.0,5,NA,0,NA,0,28.695652173913043,5,-6.086956521739131,5
loco_log_variant,gnn_mean,0.6,69,5,69,0,0,0,69,1.0,True,0.0,5,0.0,5,69.0,5,1.0,5,NA,0,NA,0,48.173913043478265,5,-9.565217391304348,5
loco_external_fire,fire_only,0.8,49,5,49,0,0,0,49,1.0,True,0.0,5,0.0,5,49.0,5,1.0,5,NA,0,NA,0,42.857142857142854,5,-42.857142857142854,5
loco_external_fire,fire_only,0.6,49,5,49,0,0,0,49,1.0,True,0.0,5,0.0,5,49.0,5,1.0,5,NA,0,NA,0,71.0204081632653,5,17.142857142857142,5
loco_external_fire,global_stats,0.8,49,5,49,0,0,0,49,1.0,True,0.0,5,0.0,5,49.0,5,1.0,5,NA,0,NA,0,22.775510204081634,5,-22.775510204081634,5
loco_external_fire,global_stats,0.6,49,5,49,0,0,0,49,1.0,True,0.0,5,0.0,5,49.0,5,1.0,5,NA,0,NA,0,47.265306122448976,5,12.979591836734695,5
loco_external_fire,deepsets,0.8,49,5,49,0,0,0,49,1.0,True,0.0,5,0.0,5,49.0,5,1.0,5,NA,0,NA,0,23.26530612244898,5,-23.26530612244898,5
loco_external_fire,deepsets,0.6,49,5,49,0,0,0,49,1.0,True,0.0,5,0.0,5,49.0,5,1.0,5,NA,0,NA,0,37.95918367346939,5,10.53061224489796,5
loco_external_fire,capacity_matched_deepsets,0.8,49,5,49,0,0,0,49,1.0,True,0.0,5,0.0,5,49.0,5,1.0,5,NA,0,NA,0,23.02040816326531,5,-23.02040816326531,5
loco_external_fire,capacity_matched_deepsets,0.6,49,5,49,0,0,0,49,1.0,True,0.0,5,0.0,5,49.0,5,1.0,5,NA,0,NA,0,36.0,5,6.1224489795918355,5
loco_external_fire,gnn,0.8,49,5,49,0,0,0,49,1.0,True,0.0,5,0.0,5,49.0,5,1.0,5,NA,0,NA,0,24.97959183673469,5,-24.97959183673469,5
loco_external_fire,gnn,0.6,49,5,49,0,0,0,49,1.0,True,0.0,5,0.0,5,49.0,5,1.0,5,NA,0,NA,0,28.89795918367347,5,4.8979591836734695,5
loco_external_fire,gnn_zero_edge_features,0.8,49,5,49,0,0,0,49,1.0,True,0.0,5,0.0,5,49.0,5,1.0,5,NA,0,NA,0,26.20408163265306,5,-25.71428571428571,5
loco_external_fire,gnn_zero_edge_features,0.6,49,5,49,0,0,0,49,1.0,True,0.0,5,0.0,5,49.0,5,1.0,5,NA,0,NA,0,37.95918367346939,5,8.571428571428573,5
loco_external_fire,gnn_mean,0.8,49,5,49,0,0,0,49,1.0,True,0.0,5,0.0,5,49.0,5,1.0,5,NA,0,NA,0,23.755102040816325,5,-22.775510204081634,5
loco_external_fire,gnn_mean,0.6,49,5,49,0,0,0,49,1.0,True,0.0,5,0.0,5,49.0,5,1.0,5,NA,0,NA,0,29.142857142857146,5,4.163265306122449,5
loco_bilinear,fire_only,0.8,77,5,77,0,0,0,77,1.0,True,0.0,5,0.0,5,77.0,5,1.0,5,NA,0,NA,0,19.636363636363633,5,-0.6233766233766236,5
loco_bilinear,fire_only,0.6,77,5,73,4,0,4,73,1.0,True,0.0,5,4.0,5,73.0,5,1.0,5,1.0,5,0.5,5,64.76712328767124,5,-8.21917808219178,5
loco_bilinear,global_stats,0.8,77,5,77,0,0,0,77,1.0,True,0.0,5,0.0,5,77.0,5,1.0,5,NA,0,NA,0,17.766233766233764,5,2.8051948051948052,5
loco_bilinear,global_stats,0.6,77,5,73,4,0,4,73,1.0,True,0.0,5,4.0,5,73.0,5,1.0,5,1.0,5,0.5,5,35.67123287671233,5,-12.657534246575342,5
loco_bilinear,deepsets,0.8,77,5,77,0,0,0,77,1.0,True,0.0,5,0.0,5,77.0,5,1.0,5,NA,0,NA,0,18.7012987012987,5,6.545454545454545,5
loco_bilinear,deepsets,0.6,77,5,73,4,0,4,73,1.0,True,0.0,5,3.6,5,73.0,5,1.0,5,0.9,5,0.55,5,32.54794520547945,5,-11.506849315068495,5
loco_bilinear,capacity_matched_deepsets,0.8,77,5,77,0,0,0,77,1.0,True,0.0,5,0.0,5,77.0,5,1.0,5,NA,0,NA,0,20.1038961038961,5,8.571428571428571,5
loco_bilinear,capacity_matched_deepsets,0.6,77,5,73,4,0,4,73,1.0,True,0.0,5,3.6,5,73.0,5,1.0,5,0.9,5,0.55,5,30.082191780821915,5,-12.0,5
loco_bilinear,gnn,0.8,77,5,77,0,0,0,77,1.0,True,0.0,5,0.0,5,77.0,5,1.0,5,NA,0,NA,0,18.38961038961039,5,5.922077922077922,5
loco_bilinear,gnn,0.6,77,5,73,4,0,4,73,1.0,True,0.0,5,3.4,5,73.0,5,1.0,5,0.85,5,0.575,5,28.93150684931507,5,-14.136986301369864,5
loco_bilinear,gnn_zero_edge_features,0.8,77,5,77,0,0,0,77,1.0,True,0.0,5,0.0,5,77.0,5,1.0,5,NA,0,NA,0,18.38961038961039,5,6.545454545454545,5
loco_bilinear,gnn_zero_edge_features,0.6,77,5,73,4,0,4,73,1.0,True,0.0,5,3.4,5,73.0,5,1.0,5,0.85,5,0.575,5,29.753424657534243,5,-11.67123287671233,5
loco_bilinear,gnn_mean,0.8,77,5,77,0,0,0,77,1.0,True,0.0,5,0.0,5,77.0,5,1.0,5,NA,0,NA,0,20.1038961038961,5,10.44155844155844,5
loco_bilinear,gnn_mean,0.6,77,5,73,4,0,4,73,1.0,True,0.0,5,3.2,5,73.0,5,1.0,5,0.8,5,0.6,5,25.150684931506845,5,-6.410958904109589,5
loco_linear,fire_only,0.8,125,5,122,3,37,0,85,0.6967213114754098,True,23.8,5,0.0,5,98.2,5,0.8049180327868853,5,0.0,5,0.9024590163934427,5,335.2523122188346,5,335.2523122188346,5
loco_linear,fire_only,0.6,125,5,92,33,14,0,78,0.8478260869565217,True,7.8,5,0.0,5,84.2,5,0.9152173913043479,5,0.0,5,0.9576086956521739,5,125.75948647795433,5,116.7576975691887,5
loco_linear,global_stats,0.8,125,5,122,3,30,0,92,0.7540983606557377,True,13.8,5,0.0,5,108.2,5,0.8868852459016395,5,0.0,5,0.9434426229508197,5,346.5096453096453,5,346.5096453096453,5
loco_linear,global_stats,0.6,125,5,92,33,6,0,86,0.9347826086956522,True,4.0,5,0.0,5,88.0,5,0.9565217391304348,5,0.0,5,0.9782608695652174,5,89.99312302539373,5,86.44702710406918,5
loco_linear,deepsets,0.8,125,5,122,3,30,0,92,0.7540983606557377,True,22.2,5,0.0,5,99.8,5,0.8180327868852458,5,0.0,5,0.909016393442623,5,369.59461029853736,5,369.59461029853736,5
loco_linear,deepsets,0.6,125,5,92,33,6,0,86,0.9347826086956522,True,3.6,5,0.0,5,88.4,5,0.9608695652173912,5,0.0,5,0.9804347826086957,5,68.4474539048618,5,53.418017963223086,5
loco_linear,capacity_matched_deepsets,0.8,125,5,122,3,12,0,110,0.9016393442622951,True,9.2,5,0.0,5,112.8,5,0.9245901639344261,5,0.0,5,0.962295081967213,5,324.69364931973627,5,324.48495366756237,5
loco_linear,capacity_matched_deepsets,0.6,125,5,92,33,3,0,89,0.967391304347826,True,1.8,5,0.0,5,90.2,5,0.9804347826086957,5,0.0,5,0.9902173913043478,5,57.27730995596164,5,21.262394534304647,5
loco_linear,gnn,0.8,125,5,122,3,12,0,110,0.9016393442622951,True,10.2,5,0.0,5,111.8,5,0.9163934426229507,5,0.0,5,0.9581967213114755,5,292.81696705174966,5,292.81696705174966,5
loco_linear,gnn,0.6,125,5,92,33,1,2,91,0.9891304347826086,True,1.0,5,0.4,5,91.0,5,0.9891304347826086,5,0.012121212121212121,5,0.9885046113306982,5,39.42857142857143,5,15.956043956043956,5
loco_linear,gnn_zero_edge_features,0.8,125,5,122,3,12,0,110,0.9016393442622951,True,9.8,5,0.0,5,112.2,5,0.9196721311475409,5,0.0,5,0.9598360655737705,5,280.0044692027451,5,280.0044692027451,5
loco_linear,gnn_zero_edge_features,0.6,125,5,92,33,4,2,88,0.9565217391304348,True,1.6,5,0.8,5,90.4,5,0.9826086956521738,5,0.024242424242424242,5,0.9791831357048748,5,63.33416583416583,5,25.34715284715285,5
loco_linear,gnn_mean,0.8,125,5,122,3,30,0,92,0.7540983606557377,True,13.0,5,0.0,5,109.0,5,0.8934426229508198,5,0.0,5,0.9467213114754098,5,309.2169069409354,5,309.2169069409354,5
loco_linear,gnn_mean,0.6,125,5,92,33,3,1,89,0.967391304347826,True,1.6,5,0.2,5,90.4,5,0.9826086956521738,5,0.006060606060606061,5,0.988274044795784,5,44.506432892949746,5,12.748536856402024,5
loco_smoldering,fire_only,0.8,97,5,1,96,0,19,1,1.0,True,0.0,5,9.2,5,1.0,5,1.0,5,0.09583333333333333,5,0.9520833333333334,5,588.0,5,-588.0,5
loco_smoldering,fire_only,0.6,97,5,0,97,0,0,0,NA,True,0.0,5,0.0,5,0.0,5,NA,0,0.0,5,NA,0,NA,0,NA,0
loco_smoldering,global_stats,0.8,97,5,1,96,0,12,1,1.0,True,0.0,5,11.6,5,1.0,5,1.0,5,0.12083333333333335,5,0.9395833333333332,5,732.0,5,-732.0,5
loco_smoldering,global_stats,0.6,97,5,0,97,0,0,0,NA,True,0.0,5,0.0,5,0.0,5,NA,0,0.0,5,NA,0,NA,0,NA,0
loco_smoldering,deepsets,0.8,97,5,1,96,0,14,1,1.0,True,0.0,5,11.8,5,1.0,5,1.0,5,0.12291666666666667,5,0.9385416666666666,5,780.0,5,-780.0,5
loco_smoldering,deepsets,0.6,97,5,0,97,0,0,0,NA,True,0.0,5,0.0,5,0.0,5,NA,0,0.0,5,NA,0,NA,0,NA,0
loco_smoldering,capacity_matched_deepsets,0.8,97,5,1,96,0,25,1,1.0,True,0.0,5,16.0,5,1.0,5,1.0,5,0.16666666666666666,5,0.9166666666666666,5,888.0,5,-888.0,5
loco_smoldering,capacity_matched_deepsets,0.6,97,5,0,97,0,0,0,NA,True,0.0,5,0.0,5,0.0,5,NA,0,0.0,5,NA,0,NA,0,NA,0
loco_smoldering,gnn,0.8,97,5,1,96,0,25,1,1.0,True,0.0,5,16.8,5,1.0,5,1.0,5,0.175,5,0.9125,5,912.0,5,-912.0,5
loco_smoldering,gnn,0.6,97,5,0,97,0,0,0,NA,True,0.0,5,0.0,5,0.0,5,NA,0,0.0,5,NA,0,NA,0,NA,0
loco_smoldering,gnn_zero_edge_features,0.8,97,5,1,96,0,19,1,1.0,True,0.0,5,16.2,5,1.0,5,1.0,5,0.16875,5,0.915625,5,888.0,5,-888.0,5
loco_smoldering,gnn_zero_edge_features,0.6,97,5,0,97,0,0,0,NA,True,0.0,5,0.0,5,0.0,5,NA,0,0.0,5,NA,0,NA,0,NA,0
loco_smoldering,gnn_mean,0.8,97,5,1,96,0,25,1,1.0,True,0.0,5,19.6,5,1.0,5,1.0,5,0.2041666666666667,5,0.8979166666666666,5,936.0,5,-936.0,5
loco_smoldering,gnn_mean,0.6,97,5,0,97,0,0,0,NA,True,0.0,5,0.0,5,0.0,5,NA,0,0.0,5,NA,0,NA,0,NA,0
